rej_score,labels,hum_preds,preds,class_probs_0,class_probs_1
0.8249510377645493,0,0,1,0.14469744,0.8553025
-0.4072093069553375,0,1,0,0.9347498,0.065250196
0.6521915346384048,1,1,0,0.89964396,0.100356
0.8053050935268402,0,0,1,0.2093233,0.7906767
0.7609481364488602,0,0,0,0.6370677,0.36293226
0.34500959515571594,0,0,1,0.10639989,0.89360017
-0.016832023859024048,1,1,1,0.47370535,0.52629465
-0.6318526268005371,0,0,0,0.98442334,0.015576678
0.7337549030780792,0,0,1,0.06995545,0.93004453
-0.5112260282039642,0,0,0,0.7034818,0.2965182
-0.24700596928596497,1,1,1,0.10919366,0.8908064
0.4854862093925476,1,1,0,0.56026006,0.4397399
-0.5245495140552521,0,1,0,0.94475394,0.055246107
0.7268886417150497,1,1,0,0.6957685,0.30423155
0.7068534642457962,1,1,0,0.83743036,0.16256961
0.7319781929254532,1,0,1,0.16699617,0.83300376
0.7270276844501495,0,0,0,0.9463489,0.05365106
0.45576515793800354,0,0,0,0.7401967,0.2598033
0.26190027594566345,1,1,1,0.39779234,0.60220766
0.2978699207305908,1,1,0,0.87566465,0.12433536
0.8614243976771832,1,1,1,0.39815533,0.6018446
-0.3137804865837097,0,1,0,0.9314025,0.06859746
-0.5892143398523331,0,1,0,0.9421001,0.057899956
-0.333905965089798,1,1,1,0.041672423,0.95832753
-0.6555878520011902,1,1,1,0.042887777,0.9571122
0.40474824607372284,1,1,1,0.44317445,0.5568255
0.2210913896560669,1,0,1,0.3798793,0.62012064
0.48813821375370026,0,0,0,0.5860576,0.4139424
-0.23321309685707092,0,1,1,0.20497547,0.7950245
-0.5605511963367462,1,1,1,0.072443694,0.92755634
0.9050356224179268,0,0,1,0.42629308,0.5737069
0.23406097292900085,1,1,1,0.17354923,0.8264507
-0.2829493135213852,0,0,0,0.6007161,0.39928383
-0.1768200397491455,1,1,1,0.22538316,0.77461684
-0.32041382789611816,1,1,1,0.09270091,0.9072991
0.9246685169637203,0,0,0,0.62196404,0.378036
0.5511959046125412,1,1,0,0.67381376,0.32618627
0.5543255358934402,0,0,1,0.098939195,0.9010609
-0.055551230907440186,1,0,1,0.44485345,0.5551466
0.4301663935184479,1,0,1,0.07973437,0.9202657
-0.6361901089549065,0,0,0,0.8298495,0.17015049
0.46495020389556885,1,1,0,0.6699091,0.3300909
-0.547936599701643,0,0,0,0.58555907,0.41444093
0.3845316767692566,0,0,1,0.2552552,0.74474484
-0.2533915340900421,0,0,0,0.8993863,0.1006137
-0.7579066790640354,1,1,1,0.13871376,0.8612862
0.17892524600028992,1,1,0,0.9329444,0.067055576
-0.36441411077976227,0,1,1,0.24246754,0.7575324
-0.5689477473497391,1,0,1,0.050605595,0.9493944
0.6069189310073853,1,1,0,0.6118414,0.38815862
-0.18580904603004456,1,0,1,0.3824012,0.6175988
0.922302795574069,0,0,0,0.56608254,0.43391746
0.34596797823905945,0,0,0,0.9676275,0.032372423
0.656514897942543,0,0,0,0.70461607,0.29538396
0.5815809667110443,0,1,0,0.57895917,0.42104086
0.5750968754291534,0,0,0,0.7230407,0.27695936
0.8179359808564186,1,1,1,0.25631073,0.74368924
-0.597889855504036,0,1,0,0.98521984,0.014780129
0.36071793735027313,1,1,1,0.43866932,0.5613307
0.1925715208053589,0,0,1,0.4836772,0.5163228
0.00930774211883545,0,1,0,0.5238256,0.47617444
0.8993114493787289,0,1,1,0.26276493,0.73723507
-0.2413945198059082,1,0,1,0.10933106,0.890669
0.6646160930395126,0,0,0,0.6075015,0.3924985
-0.058853358030319214,1,0,0,0.616019,0.383981
-0.5597687140107155,1,1,1,0.27381036,0.7261897
0.8407625257968903,0,0,1,0.46553755,0.53446245
0.04835990071296692,0,0,0,0.9403901,0.059609838
0.30276867747306824,0,0,0,0.8119082,0.18809184
0.1781063675880432,0,0,0,0.83774453,0.16225553
0.55567267537117,0,0,1,0.19402428,0.8059757
-0.12006130814552307,1,1,0,0.8473542,0.15264586
0.21440726518630981,1,1,0,0.55410767,0.4458923
-0.16687506437301636,1,1,1,0.10803015,0.89196986
-0.41210341453552246,0,0,0,0.61877245,0.38122758
-0.5635935068130493,1,1,1,0.09871169,0.9012883
-0.8333620727062225,0,0,0,0.9766119,0.023388144
0.4820462465286255,0,0,1,0.23537989,0.76462007
-0.5731476247310638,0,0,1,0.05650296,0.94349706
0.684422567486763,0,0,1,0.2849275,0.7150725
0.49459919333457947,1,1,1,0.32866892,0.67133105
-0.7883034273982048,1,1,1,0.064066604,0.93593335
-0.6662354171276093,1,1,1,0.08238337,0.9176166
0.8453476056456566,0,1,0,0.7279091,0.27209094
-0.25320491194725037,1,0,1,0.15955928,0.84044075
0.9174375217407942,1,1,0,0.5975496,0.40245035
-0.7098107635974884,0,0,1,0.063382566,0.93661743
0.04284510016441345,1,1,1,0.45579672,0.54420334
-0.6843690872192383,0,0,0,0.967447,0.032553025
0.34736368060112,1,1,1,0.09540397,0.904596
0.8863039650022984,1,1,1,0.4654665,0.5345335
-0.5365783721208572,0,1,0,0.7375765,0.2624235
0.9378551635891199,1,1,1,0.37238315,0.6276169
0.6765419766306877,1,1,0,0.54416525,0.4558347
-0.7420659363269806,1,0,1,0.1745806,0.82541937
-0.4387497305870056,1,0,1,0.22568183,0.77431816
0.9154635015875101,0,0,0,0.5662832,0.43371674
0.5083426088094711,1,0,1,0.41675022,0.58324975
-0.47188688814640045,1,1,1,0.3404068,0.65959316
0.4601425975561142,0,0,0,0.8350422,0.16495782
0.2764877378940582,0,1,1,0.47006804,0.52993196
-0.5616422221064568,1,0,1,0.25274765,0.74725235
-0.44757236540317535,1,0,1,0.07463343,0.9253666
-0.5406389683485031,1,1,1,0.08750785,0.91249216
-0.3560098558664322,1,0,1,0.31512803,0.684872
0.5727538466453552,1,1,1,0.37063518,0.62936485
-0.34079988300800323,1,0,1,0.41741824,0.58258176
-0.493690088391304,1,0,0,0.7008779,0.2991221
0.5641794204711914,1,1,1,0.22583811,0.77416193
-0.6035685837268829,1,1,1,0.009428021,0.9905719
0.1906653344631195,0,0,1,0.25778505,0.7422149
-0.2922848016023636,1,1,1,0.33480346,0.6651965
0.27881547808647156,0,0,1,0.22140642,0.7785936
0.8430714420974255,0,0,0,0.5348984,0.4651016
0.47334232926368713,1,1,0,0.6817491,0.31825086
-0.14118054509162903,1,1,1,0.12836653,0.8716335
-0.7755076438188553,1,1,1,0.013606551,0.9863935
0.5159050971269608,0,0,1,0.17129283,0.82870716
0.7046739012002945,0,0,0,0.82719016,0.17280982
0.2734411954879761,0,0,0,0.6216932,0.37830678
0.609378919005394,1,1,0,0.50060695,0.49939302
0.05926021933555603,1,1,1,0.3063002,0.69369984
-0.09295734763145447,1,0,0,0.6451218,0.3548782
-0.8025663830339909,1,1,1,0.0933604,0.90663964
-0.46877747774124146,0,0,0,0.8500216,0.14997838
0.8333554044365883,0,0,1,0.096673705,0.90332633
0.7508241832256317,0,0,0,0.7593369,0.24066308
-0.4873487949371338,1,1,1,0.19850312,0.80149686
0.6066173017024994,1,1,0,0.85246503,0.14753497
-0.037873417139053345,1,0,0,0.5166284,0.48337162
0.6267762184143066,0,0,1,0.075103104,0.92489696
0.675523579120636,1,1,1,0.49418238,0.50581765
0.463630273938179,0,1,0,0.6769863,0.32301372
-0.19125455617904663,0,0,0,0.84850407,0.15149598
0.4813903123140335,1,0,0,0.90054256,0.099457495
-0.5537260919809341,0,0,0,0.9503648,0.049635205
-0.07000744342803955,0,0,0,0.919909,0.08009099
0.18816149234771729,1,1,0,0.5526447,0.4473552
-0.3462493419647217,0,0,0,0.9343222,0.06567787
-0.643451452255249,0,0,0,0.98140436,0.018595612
0.3011827766895294,1,1,1,0.072073355,0.92792666
0.8901101723313332,1,1,1,0.14625522,0.85374475
-0.08820861577987671,1,1,1,0.28596637,0.71403366
0.2095370888710022,1,1,1,0.38009265,0.6199074
-0.6740672290325165,1,1,1,0.15759921,0.8424007
-0.23057252168655396,0,0,1,0.30913433,0.69086564
0.27240148186683655,0,0,0,0.5441612,0.4558388
0.30959489941596985,0,0,0,0.6774912,0.3225088
-0.4189804494380951,0,0,1,0.44998068,0.5500193
0.5208299905061722,0,0,0,0.6593079,0.34069207
-0.7234423458576202,1,1,1,0.056773044,0.943227
0.09101024270057678,0,1,0,0.933706,0.06629403
0.6772665604948997,0,0,0,0.508402,0.49159807
0.2188321053981781,0,0,0,0.82098085,0.17901921
-0.024923473596572876,0,1,0,0.6789252,0.32107475
-0.5614645928144455,1,1,1,0.16601886,0.83398116
-0.7042238786816597,0,0,0,0.92208225,0.07791773
-0.39686378836631775,1,0,1,0.13432941,0.8656706
0.8027735725045204,1,1,1,0.3854107,0.6145893
0.5494578182697296,0,0,1,0.2906736,0.70932645
0.2696196734905243,1,0,1,0.40040094,0.59959906
0.2258879542350769,1,1,1,0.048090782,0.95190924
-0.708698607981205,0,0,0,0.83095634,0.16904369
0.15878266096115112,1,1,0,0.9775979,0.022402152
0.8689496479928493,0,0,1,0.29095536,0.70904464
0.7134549170732498,1,1,1,0.039212942,0.96078706
0.80929384380579,1,1,1,0.4160765,0.58392346
0.6459235772490501,1,1,0,0.53919226,0.46080768
-0.3754926323890686,1,1,1,0.13327497,0.866725
0.7393527552485466,0,0,1,0.3531095,0.64689046
0.1350698471069336,1,0,1,0.04214236,0.95785767
-0.26496708393096924,1,1,1,0.12445303,0.87554693
0.7944459170103073,0,0,0,0.5710035,0.42899653
-0.0040209293365478516,0,0,0,0.6043765,0.39562348
0.034231096506118774,0,0,0,0.7793528,0.22064725
0.36784011125564575,1,0,1,0.20397662,0.7960234
-0.6388884335756302,1,1,1,0.13963304,0.86036694
0.8775450214743614,1,1,1,0.38157344,0.61842656
-0.18017902970314026,1,1,1,0.3471404,0.65285957
0.18431568145751953,1,1,1,0.2691141,0.73088586
0.7690547108650208,1,1,1,0.19746225,0.8025378
0.7789550721645355,0,0,1,0.35620546,0.64379454
-0.24292206764221191,1,0,1,0.20537476,0.7946253
-0.12600132822990417,0,0,1,0.24572982,0.75427014
-0.9039839021861553,0,0,0,0.9729106,0.027089488
0.7421934232115746,1,1,0,0.5564284,0.44357163
0.09105375409126282,1,1,1,0.21192819,0.78807175
-0.8548953160643578,0,0,0,0.9857371,0.014262909
0.11531099677085876,1,1,1,0.23672196,0.763278
-0.5498892664909363,0,1,1,0.07852602,0.921474
0.10461577773094177,0,0,0,0.6653686,0.33463135
-0.21194970607757568,0,1,0,0.9717937,0.028206278
0.05588686466217041,0,0,1,0.30978158,0.6902184
0.7120616212487221,0,0,0,0.5899621,0.4100379
-0.0042724609375,1,1,1,0.3685638,0.6314362
0.7706852331757545,1,1,0,0.50142556,0.4985744
0.1744411289691925,1,1,1,0.015063901,0.98493606
0.9330276753753424,1,0,1,0.44335502,0.556645
-0.863864354789257,1,1,1,0.07361636,0.9263837
-0.6144739910960197,0,0,0,0.7804213,0.21957876
0.719306580722332,1,1,0,0.6008445,0.39915544
0.2702597975730896,0,0,0,0.76479083,0.23520914
0.6654660701751709,0,0,0,0.64558524,0.35441473
0.4253656715154648,0,0,0,0.6557708,0.3442292
0.7456594109535217,0,1,1,0.4561138,0.54388624
0.7166461572051048,1,1,0,0.54158694,0.45841306
0.668660581111908,0,0,0,0.69633377,0.30366626
-0.27272579073905945,1,1,0,0.90072685,0.09927319
-0.3857607841491699,1,0,1,0.06251981,0.93748015
-0.21463048458099365,1,1,1,0.2759341,0.72406596
0.44736939668655396,1,1,0,0.64317054,0.3568295
0.2566562592983246,0,1,0,0.6501436,0.34985638
-0.25093188881874084,0,1,0,0.7795218,0.22047818
-0.35532648861408234,0,0,0,0.76181555,0.23818442
0.5446027219295502,1,1,1,0.42065787,0.57934207
0.648531973361969,0,1,0,0.54767597,0.4523241
-0.9298758152872324,0,0,0,0.98424965,0.015750404
-0.33545224368572235,0,0,0,0.7228866,0.27711335
-0.6141108348965645,1,0,1,0.23645224,0.7635477
-0.6629435494542122,1,1,1,0.20191795,0.79808205
-0.48318013548851013,1,1,1,0.020119233,0.97988075
0.6552258282899857,1,1,1,0.052781686,0.9472183
0.8034125864505768,1,1,1,0.2809963,0.71900374
0.4949101060628891,0,0,1,0.33891386,0.66108614
0.8192169517278671,1,0,1,0.44759664,0.5524034
-0.6705950647592545,0,0,1,0.07515859,0.92484146
0.5398392975330353,1,1,0,0.509545,0.49045494
0.21318978071212769,1,1,0,0.9012502,0.09874977
0.46279992163181305,1,1,0,0.84655464,0.15344532
-0.6599178686738014,1,1,0,0.8376644,0.16233556
-0.7144135981798172,1,1,1,0.012973463,0.9870265
0.7775102481245995,1,0,0,0.6183893,0.3816107
-0.4031412750482559,1,0,1,0.18898863,0.8110113
0.7600991502404213,0,0,1,0.21979386,0.78020614
0.8242168426513672,1,1,0,0.69625944,0.3037406
-0.5090416669845581,1,1,1,0.076032996,0.92396706
0.76790851354599,1,1,1,0.26538628,0.7346138
0.7575884759426117,0,0,0,0.5058067,0.4941933
-0.8291945084929466,1,1,1,0.045563888,0.9544361
-0.004731088876724243,0,1,1,0.23824713,0.7617529
-0.6841137036681175,1,0,1,0.11161868,0.8883813
-0.5953088104724884,1,1,1,0.08920515,0.91079485
0.1543883979320526,1,1,1,0.26645005,0.73354995
0.43496328592300415,0,0,1,0.07989412,0.9201059
-0.3100059926509857,1,1,1,0.17638752,0.8236125
-0.743217721581459,0,1,0,0.9875563,0.01244374
0.7078048884868622,0,0,0,0.8755319,0.12446802
-0.44581031799316406,0,0,0,0.9235812,0.076418824
-0.0786924660205841,1,1,1,0.13193668,0.86806333
0.6973361596465111,0,0,0,0.65665644,0.34334356
0.7477225214242935,0,0,1,0.3281121,0.67188793
0.5250175893306732,0,0,0,0.7169116,0.2830884
-0.3139486014842987,0,1,1,0.035424877,0.9645751
-0.4175637811422348,0,0,1,0.13284034,0.86715966
0.7054426074028015,1,1,0,0.58409524,0.41590476
-0.47350820899009705,1,0,1,0.114824824,0.8851752
0.5965772718191147,1,1,1,0.41084927,0.58915067
0.2632078230381012,0,0,0,0.8089486,0.19105145
0.13315707445144653,1,1,1,0.17877077,0.8212293
-0.4185436889529228,1,1,1,0.4471052,0.55289483
-0.9014305174350739,1,1,1,0.051783375,0.9482166
-0.33378729224205017,1,1,1,0.2699918,0.73000824
0.45842036604881287,0,0,1,0.1325066,0.8674934
-0.5401785522699356,0,0,0,0.9111982,0.08880187
0.1287691593170166,0,0,0,0.92150265,0.07849742
0.5037174969911575,1,1,0,0.53682315,0.46317688
0.591760441660881,0,0,1,0.008734441,0.9912656
-0.6570809036493301,0,0,0,0.96331877,0.036681227
0.4684550017118454,0,0,0,0.76146555,0.23853445
-0.3450237661600113,0,0,0,0.59653246,0.4034675
0.27818432450294495,1,1,1,0.102679305,0.8973207
0.5646329820156097,0,0,0,0.62571424,0.37428573
0.12124711275100708,1,1,1,0.17822728,0.8217727
-0.6794391721487045,1,1,1,0.06242638,0.9375736
-0.050660640001297,0,1,0,0.87626773,0.123732254
0.35423168540000916,1,1,1,0.21345659,0.78654337
0.5103736817836761,0,0,1,0.40910193,0.59089804
-0.5924431085586548,0,1,0,0.8990673,0.100932695
-0.034918367862701416,1,1,1,0.3928357,0.6071643
0.4346995949745178,1,1,0,0.71897036,0.2810297
-0.3914511203765869,0,0,0,0.9554557,0.044544306
-0.2991737574338913,1,1,0,0.69614744,0.30385256
-0.8458589464426041,1,1,1,0.030334944,0.96966505
0.5779334157705307,1,1,0,0.68193036,0.31806967
0.5243512392044067,1,1,1,0.4068546,0.59314543
-0.32310235500335693,1,1,1,0.4386412,0.5613588
-0.7716469168663025,0,1,0,0.92514396,0.07485607
0.672234907746315,1,1,1,0.3532942,0.6467058
-0.43991515040397644,1,0,0,0.9655296,0.03447045
0.15804561972618103,0,0,0,0.52114064,0.47885936
-0.4633088558912277,1,1,1,0.05681109,0.9431889
-0.06862792372703552,1,1,0,0.7072847,0.2927153
-0.14292839169502258,0,1,1,0.054856677,0.9451433
-0.42472611367702484,0,0,0,0.67879826,0.32120174
0.4750734269618988,0,0,1,0.023313196,0.97668684
0.12960189580917358,1,1,1,0.103004865,0.8969951
0.31726375222206116,1,1,1,0.18202493,0.8179751
0.03461900353431702,1,1,1,0.41278908,0.58721095
-0.5837109535932541,1,1,1,0.07091149,0.9290885
-0.45827074348926544,1,1,1,0.14212173,0.85787827
0.19142040610313416,1,1,0,0.77846307,0.22153695
0.7989989146590233,1,1,1,0.34798196,0.6520181
0.613483726978302,0,0,1,0.23770511,0.7622948
0.6047406643629074,0,0,0,0.56265527,0.4373447
0.07527896761894226,1,0,1,0.33425972,0.6657403
0.11254405975341797,0,1,0,0.75796837,0.24203165
-0.23601862788200378,1,1,1,0.48793608,0.5120639
0.7406095638871193,0,0,1,0.1654698,0.83453023
-0.19004777073860168,1,1,1,0.31702965,0.68297035
-0.6438469141721725,1,1,1,0.12105583,0.87894416
0.5906960964202881,0,0,1,0.36186433,0.6381356
-0.5052134692668915,1,1,1,0.23216766,0.76783234
0.6141275614500046,0,0,1,0.30218506,0.69781494
0.7461531758308411,1,1,0,0.51913697,0.480863
0.7263895869255066,0,0,1,0.42426205,0.57573795
-0.7626543343067169,1,1,0,0.970018,0.02998197
0.48279860615730286,0,0,1,0.030167881,0.96983206
-0.4509628266096115,0,0,0,0.63992465,0.3600754
0.6103134751319885,1,1,1,0.3403917,0.6596083
0.7448801025748253,1,1,0,0.84806585,0.15193412
0.8929497450590134,0,0,1,0.35837528,0.64162475
0.4793357253074646,0,0,1,0.09223625,0.9077637
-0.24661681056022644,0,1,0,0.9220278,0.0779722
0.8057396486401558,0,1,1,0.15361232,0.84638774
0.7394288182258606,0,1,1,0.49912873,0.50087124
0.16685724258422852,1,1,1,0.25227526,0.7477248
0.7433047741651535,0,1,0,0.5599407,0.44005927
0.2730059027671814,0,0,1,0.21521516,0.7847848
-0.6194749772548676,0,0,0,0.73619086,0.26380908
0.441271036863327,0,0,0,0.87312573,0.12687422
0.24219229817390442,0,0,0,0.7960035,0.20399651
-0.14645585417747498,1,1,0,0.91434324,0.08565682
0.7605114057660103,1,1,1,0.31604648,0.6839535
-0.3847852721810341,0,0,0,0.56542814,0.43457192
0.43372902274131775,0,0,0,0.8803773,0.11962267
-0.694886326789856,0,0,0,0.94460636,0.055393685
0.6511096209287643,1,1,0,0.9493028,0.050697193
0.07068005204200745,0,0,0,0.86128515,0.13871491
0.15708982944488525,1,1,1,0.1306326,0.8693674
-0.22418856620788574,1,0,1,0.2161544,0.78384566
0.3366720676422119,1,0,0,0.64065284,0.35934713
-0.2597767263650894,0,0,0,0.59304655,0.4069534
-0.4785669296979904,1,1,1,0.088516355,0.91148365
0.7364679351449013,0,0,0,0.8813746,0.11862539
0.6392565816640854,1,1,1,0.34396052,0.6560395
-0.252584308385849,1,1,1,0.073295824,0.9267042
0.9779403200373054,0,1,1,0.44878915,0.5512109
-0.4468395560979843,0,0,0,0.9258935,0.07410648
0.6914923936128616,1,1,1,0.19711934,0.80288064
0.3296588808298111,1,1,1,0.4486045,0.5513955
-0.9058358184993267,1,1,1,0.009880438,0.9901196
0.16391521692276,1,1,1,0.32729584,0.67270416
-0.4897349774837494,1,1,1,0.17098667,0.82901335
0.2916664481163025,0,0,1,0.07142679,0.92857325
0.45978978276252747,1,1,0,0.9827088,0.01729114
0.560708299279213,0,0,1,0.070931286,0.92906874
0.2197599709033966,1,0,1,0.36381602,0.636184
-0.6697887182235718,1,1,1,0.061325412,0.93867457
0.765673890709877,1,1,0,0.6680376,0.3319624
-0.27449318766593933,1,1,1,0.115919665,0.88408035
0.7247506752610207,1,1,0,0.5071516,0.49284837
-0.5513218939304352,1,0,1,0.15378432,0.84621567
0.8480592705309391,0,0,0,0.5542866,0.44571343
0.410870760679245,1,1,1,0.12271479,0.8772852
0.7203110307455063,1,1,1,0.04821533,0.95178473
0.612620398402214,1,1,1,0.4447673,0.5552327
0.6855079978704453,1,1,0,0.7046186,0.2953814
-0.2024601697921753,0,0,0,0.65314776,0.34685227
-0.10065162181854248,1,1,1,0.10916658,0.89083344
-0.16342738270759583,0,1,0,0.68592817,0.3140718
-0.3953363299369812,1,1,1,0.09618322,0.90381676
-0.2387176752090454,1,1,1,0.31681862,0.6831814
0.42340439558029175,1,1,1,0.23243347,0.76756656
0.751624621450901,1,1,0,0.55942965,0.44057035
-0.6630095988512039,0,0,0,0.9454406,0.05455939
0.43873342871665955,0,0,0,0.5279114,0.47208858
0.7577819898724556,1,1,1,0.44320878,0.5567912
-0.5439744591712952,0,1,0,0.9433672,0.056632783
0.2978852391242981,0,0,0,0.55320305,0.44679695
0.7637340202927589,0,1,1,0.28585368,0.7141464
-0.5096506625413895,0,0,0,0.9726415,0.02735847
-0.11215853691101074,0,1,1,0.45102045,0.5489795
0.5517845451831818,1,1,1,0.1318573,0.8681427
-0.3633134514093399,0,1,0,0.60823095,0.39176908
-0.26506105065345764,1,1,1,0.3686661,0.6313339
-0.8733452185988426,1,0,1,0.025805749,0.9741942
-0.06902256608009338,1,1,1,0.017319659,0.98268026
0.5940907597541809,1,1,0,0.59068215,0.40931788
-0.27674731612205505,1,1,1,0.10212943,0.89787054
-0.7775309532880783,0,1,0,0.97957075,0.020429222
-0.18023443222045898,0,0,0,0.6200671,0.37993282
-0.34615688025951385,1,0,0,0.7844165,0.21558349
0.95745231769979,1,1,0,0.8154589,0.18454109
0.7298506051301956,0,0,1,0.49419057,0.5058094
-0.571997344493866,0,0,0,0.66602516,0.3339748
0.6253542900085449,0,0,1,0.09835989,0.9016401
-0.42579784989356995,1,1,1,0.30962318,0.6903768
-0.511733740568161,1,1,1,0.069053136,0.9309469
-0.5001806318759918,1,1,1,0.27201343,0.7279866
0.8086690455675125,1,1,0,0.7052295,0.29477048
0.8065485432744026,1,1,1,0.1281119,0.8718881
0.6019814163446426,0,0,0,0.5744659,0.42553416
-0.1000836193561554,1,1,0,0.8367257,0.1632743
0.3709884583950043,0,0,1,0.05598781,0.94401217
-0.5231660157442093,1,1,1,0.2362801,0.7637199
-0.15912720561027527,1,1,1,0.15076849,0.84923154
0.8537795469164848,0,0,1,0.39981556,0.6001844
-0.8041234165430069,0,0,0,0.9882824,0.011717634
-0.10467591881752014,0,0,0,0.6140125,0.38598746
0.771231897175312,0,1,0,0.6317019,0.36829808
0.2938879579305649,1,1,1,0.45465374,0.54534626
0.22523599863052368,0,0,1,0.23157074,0.7684293
-0.008032381534576416,0,0,0,0.84100795,0.15899205
-0.7446379661560059,1,1,1,0.10960538,0.8903946
-0.4123338311910629,0,1,1,0.25754502,0.74245495
-0.7207468077540398,1,0,1,0.06218586,0.9378142
0.08613958954811096,1,1,1,0.42498228,0.5750177
0.7846225127577782,0,0,1,0.45172408,0.5482759
0.41200073063373566,0,0,0,0.71826446,0.28173554
-0.05890953540802002,1,1,1,0.3143821,0.68561786
0.03541955351829529,1,1,1,0.18327512,0.81672484
0.7991563603281975,1,1,0,0.75700384,0.2429961
-0.09798535704612732,1,1,1,0.0985927,0.9014073
-0.9078547582030296,0,1,0,0.98724306,0.012756941
-0.5116629302501678,1,1,1,0.058645006,0.941355
0.6235924959182739,0,0,0,0.6285523,0.37144765
0.3117208778858185,1,1,1,0.08375192,0.91624814
-0.0801333487033844,0,0,1,0.38693237,0.6130676
-0.3751756399869919,0,0,0,0.5776357,0.42236426
0.9145817868411541,0,1,0,0.6893844,0.31061557
0.44833575189113617,1,1,1,0.39905393,0.600946
0.5024618208408356,1,1,0,0.8644087,0.13559133
0.5510453581809998,1,1,0,0.76995456,0.23004544
0.001140892505645752,1,1,1,0.24405518,0.75594485
0.10169568657875061,1,1,1,0.14515635,0.8548436
0.031894564628601074,1,1,1,0.19566289,0.80433714
0.2462606132030487,0,0,0,0.87800455,0.121995464
0.23421218991279602,0,1,1,0.030975915,0.96902406
-0.3169918805360794,0,0,1,0.433233,0.56676704
-0.8569050431251526,1,1,1,0.026238026,0.973762
0.7661597207188606,0,0,0,0.8243538,0.17564613
-0.03508982062339783,0,0,0,0.8424218,0.1575782
0.7991392090916634,0,0,1,0.47636303,0.52363694
0.653233990073204,1,1,1,0.08426497,0.915735
0.7414259910583496,0,0,0,0.80036247,0.19963749
-0.5947301536798477,1,1,1,0.08496139,0.9150386
0.5474018752574921,1,1,0,0.6219987,0.37800124
0.8529536388814449,0,0,1,0.44975778,0.5502422
0.5878735035657883,0,0,0,0.6946116,0.3053884
-0.5491181835532188,1,0,1,0.26823473,0.7317653
-0.22248637676239014,0,0,0,0.8612382,0.13876185
-0.09638479351997375,0,1,0,0.90963256,0.09036743
0.5384672582149506,0,0,1,0.48861268,0.5113873
-0.16001439094543457,1,0,0,0.5750048,0.42499524
-0.3153453469276428,1,1,1,0.049267992,0.950732
0.5336166471242905,1,1,1,0.39986572,0.6001343
0.2414015531539917,1,0,1,0.1713395,0.8286605
0.8078892976045609,1,1,0,0.58035004,0.41964996
0.22910290956497192,1,1,0,0.7713837,0.22861633
0.06703725457191467,1,1,1,0.15489864,0.84510136
-0.7361536398530006,1,0,1,0.12648188,0.87351817
-0.3691123276948929,0,0,1,0.3870565,0.6129435
0.27342140674591064,0,0,0,0.769756,0.230244
-0.45862555503845215,1,1,1,0.12911215,0.8708879
-0.12852346897125244,0,0,0,0.8463562,0.15364382
-0.11460897326469421,1,1,1,0.435566,0.564434
0.7669949680566788,1,1,0,0.7195306,0.28046936
0.649272508919239,1,1,0,0.52472097,0.475279
0.15405112504959106,1,1,1,0.2774618,0.72253823
-0.34039101004600525,0,0,0,0.87366784,0.12633222
0.4794575721025467,0,0,1,0.2810654,0.7189346
0.40148770809173584,1,1,0,0.8460449,0.15395513
-0.08281293511390686,1,0,1,0.1471801,0.8528199
-0.6690312623977661,1,0,1,0.10441176,0.8955883
-0.6353801339864731,0,0,1,0.04473154,0.9552685
0.7136872485280037,1,1,0,0.5822074,0.41779265
0.6136019080877304,1,1,0,0.68090534,0.31909463
-0.75243229418993,1,1,1,0.086439595,0.91356045
0.254469633102417,0,0,0,0.5597171,0.44028285
-0.7716974169015884,1,0,1,0.07354579,0.9264542
0.0006124675273895264,1,0,1,0.30090594,0.699094
0.6132329553365707,1,1,1,0.16164568,0.8383543
0.6412097215652466,1,1,0,0.62630004,0.3737
-0.6662276461720467,1,1,1,0.1428551,0.8571449
-0.6217422187328339,0,1,1,0.048801146,0.9511988
-0.26325275003910065,1,1,1,0.36467466,0.6353253
-0.27449919283390045,1,1,1,0.30297613,0.6970238
0.6132412254810333,0,0,0,0.5672412,0.43275884
0.9232396073639393,0,0,0,0.84046274,0.15953732
0.4539952874183655,0,0,1,0.24453439,0.7554656
0.20551544427871704,1,1,1,0.42621955,0.5737804
0.1041242778301239,0,0,0,0.618206,0.38179404
-0.5305858254432678,1,1,1,0.13644464,0.8635554
0.08438575267791748,0,0,1,0.23208746,0.76791257
0.32042232155799866,0,0,1,0.22020288,0.7797971
0.8371655866503716,0,0,1,0.4447333,0.5552667
0.5245582312345505,0,0,1,0.3509339,0.6490661
-0.42267879843711853,1,1,1,0.081026345,0.9189736
0.27937474846839905,0,0,0,0.9452806,0.054719377
-0.19542661309242249,0,1,0,0.7820544,0.21794555
0.677106499671936,1,1,0,0.8041397,0.19586033
-0.898885790258646,1,1,1,0.01542703,0.98457295
-0.17890003323554993,1,0,1,0.3111308,0.6888692
-0.3659137487411499,0,1,0,0.6892213,0.31077868
0.1753908097743988,1,0,0,0.95725167,0.042748276
0.8824548199772835,0,1,1,0.29499918,0.7050008
-0.8300905600190163,1,1,1,0.020142477,0.9798575
0.8166052773594856,0,0,0,0.61044675,0.3895532
0.10589581727981567,0,0,0,0.9552146,0.044785358
-0.10097870230674744,1,1,1,0.15267053,0.8473295
0.8271469101309776,0,0,0,0.73513293,0.26486707
0.6506442278623581,1,1,1,0.3727734,0.62722665
0.81402787566185,1,1,1,0.42677802,0.57322204
0.8191837221384048,1,0,0,0.7878987,0.21210124
0.15291154384613037,1,1,0,0.5438216,0.45617843
0.7194137275218964,0,1,1,0.18990758,0.81009245
-0.3537699431180954,0,0,1,0.363364,0.636636
-0.8209974989295006,1,0,1,0.040630456,0.9593695
0.12141215801239014,0,0,0,0.89837855,0.10162141
0.6155767291784286,0,0,0,0.51984537,0.48015466
-0.5398291647434235,1,1,1,0.15862289,0.8413771
0.44535960257053375,1,1,0,0.5830248,0.4169752
0.3911469578742981,1,1,1,0.16518466,0.8348154
-0.7090656235814095,1,1,1,0.07141803,0.92858195
-0.23342996835708618,1,1,1,0.30403382,0.6959662
-0.3123670816421509,0,1,0,0.93726814,0.062731825
-0.42434388399124146,1,1,1,0.09670169,0.9032983
0.6033532917499542,0,0,0,0.57869923,0.4213007
0.7113545835018158,1,0,1,0.34149933,0.6585006
0.038916587829589844,1,1,1,0.12455675,0.8754432
0.8423079550266266,1,1,0,0.67419845,0.32580158
0.21735844016075134,0,0,1,0.21055263,0.78944737
-0.27953436970710754,0,0,0,0.9347757,0.065224245
-0.7549086511135101,0,0,0,0.96296835,0.037031606
-0.10171157121658325,1,1,1,0.12302742,0.87697256
-0.9168527685105801,0,0,0,0.9839992,0.016000796
0.03847461938858032,0,0,1,0.045601964,0.95439804
-0.430187463760376,0,1,0,0.9552623,0.044737775
-0.30546024441719055,1,1,1,0.12342081,0.8765792
-0.06562480330467224,0,0,0,0.76392376,0.2360762
0.6516132652759552,0,0,1,0.47576892,0.52423114
-0.6447604447603226,1,0,1,0.06888578,0.9311142
0.5939214378595352,0,0,1,0.0811095,0.9188905
0.5038079768419266,0,0,0,0.55661535,0.44338465
0.49664539098739624,0,0,0,0.82969433,0.17030571
-0.665801391005516,0,0,0,0.9656224,0.034377567
-0.09479761123657227,1,1,1,0.17873523,0.8212648
-0.6118472516536713,0,0,0,0.990044,0.009955975
0.6570356041193008,1,1,0,0.77345794,0.22654206
-0.5943345874547958,1,0,1,0.18748787,0.8125121
-0.018761485815048218,1,0,1,0.20114097,0.79885906
0.42880868911743164,0,0,0,0.5737187,0.42628124
-0.3890725076198578,0,1,1,0.19584568,0.8041543
0.6610777825117111,0,0,1,0.20257156,0.7974285
0.5762553364038467,1,1,1,0.24422798,0.75577205
-0.30147987604141235,1,1,1,0.42058018,0.5794198
0.2848518192768097,1,1,0,0.72548413,0.2745159
0.788008838891983,0,0,1,0.45914078,0.5408592
0.5908330827951431,0,0,0,0.54845923,0.4515408
-0.29250918328762054,0,0,0,0.5224311,0.4775689
-0.47005611658096313,0,1,0,0.9598968,0.040103193
-0.4107178747653961,1,1,1,0.1801017,0.81989837
-0.23309531807899475,1,0,1,0.1898921,0.8101079
0.8076689019799232,1,1,0,0.503683,0.49631703
0.7234180197119713,1,1,0,0.52621377,0.4737863
0.6847365871071815,1,1,1,0.48333836,0.51666164
0.5619286149740219,1,1,0,0.5506069,0.4493931
0.8233473524451256,0,0,1,0.39518648,0.6048135
-0.6063780039548874,1,0,1,0.04337477,0.95662516
0.1279454231262207,1,1,1,0.09794325,0.90205675
0.8675104454159737,1,1,0,0.6270255,0.37297454
-0.2003834843635559,1,1,1,0.3567195,0.6432805
-0.5255438536405563,1,0,1,0.34110662,0.65889335
-0.4475896507501602,1,1,1,0.3381477,0.6618523
-0.5535125881433487,1,0,1,0.15375231,0.8462477
0.755370132625103,1,1,1,0.2083354,0.7916646
0.9057464711368084,0,0,1,0.20825551,0.7917445
-0.5923012346029282,1,1,1,0.049844496,0.95015556
-0.6144165992736816,0,0,0,0.838159,0.16184096
0.7654386386275291,0,0,1,0.31846982,0.6815302
0.4610494077205658,1,1,1,0.11090247,0.8890976
-0.2845306098461151,0,0,0,0.5039639,0.49603614
0.5719431489706039,0,0,1,0.23812908,0.7618709
0.8714097701013088,1,1,0,0.68063956,0.31936038
-0.22218534350395203,1,1,1,0.10155246,0.8984476
-0.4366656541824341,1,0,1,0.2655613,0.7344387
0.002066582441329956,1,1,1,0.16165608,0.83834386
0.5292719900608063,0,0,1,0.36515066,0.6348493
-0.22307074069976807,0,0,0,0.7708807,0.22911927
0.38836905360221863,1,1,0,0.8203708,0.17962919
-0.20984604954719543,0,0,0,0.9292526,0.07074731
-0.2147485911846161,1,1,1,0.07081307,0.929187
0.8033219426870346,0,1,1,0.34363124,0.65636873
0.6148380488157272,1,1,0,0.57954556,0.42045438
-0.1546296775341034,1,0,1,0.14312199,0.85687804
-0.6487595289945602,0,0,0,0.948611,0.051388934
-0.666518434882164,1,1,1,0.10706797,0.89293206
0.14633050560951233,0,0,0,0.7633358,0.23666416
-0.19732284545898438,0,0,0,0.8407698,0.1592301
0.21344494819641113,1,0,1,0.3188934,0.68110657
-0.10806405544281006,0,0,0,0.5687983,0.43120164
-0.5086865872144699,1,1,1,0.067261904,0.93273807
0.33693796396255493,0,0,1,0.09609808,0.903902
0.09866392612457275,0,1,1,0.14599593,0.8540041
0.9262883141636848,0,0,0,0.74983644,0.25016353
0.37837788462638855,0,0,1,0.07299169,0.92700833
-0.09272262454032898,1,0,1,0.08252396,0.917476
-0.4347354620695114,1,1,0,0.7999264,0.20007361
0.7509968429803848,0,0,1,0.11239448,0.88760555
0.12835553288459778,1,1,1,0.12375797,0.876242
-0.12422043085098267,1,0,1,0.20196927,0.79803073
0.8298357240855694,0,0,0,0.5608429,0.4391571
-0.5219314135611057,0,0,0,0.6180597,0.38194025
0.3869030773639679,0,0,1,0.2204192,0.7795808
0.24290746450424194,1,1,1,0.32501882,0.6749812
0.39036598801612854,0,0,1,0.14279668,0.8572033
0.21904897689819336,1,1,0,0.8415294,0.15847051
-0.21783429384231567,1,0,1,0.033591133,0.9664089
-0.9004950085654855,0,0,0,0.9200727,0.079927325
-0.3041124492883682,0,0,0,0.62536085,0.37463915
0.6775345057249069,1,1,0,0.7591439,0.2408561
-0.5981294065713882,1,1,1,0.13867655,0.8613234
0.6123778373003006,1,0,0,0.7616992,0.2383008
0.3251989781856537,1,1,1,0.10736464,0.8926354
0.8989674858748913,1,1,0,0.77902544,0.22097458
-0.8705975897610188,1,0,1,0.05267155,0.9473285
-0.4137016385793686,1,1,1,0.35294324,0.64705676
0.7520494163036346,0,0,0,0.54187804,0.458122
0.16273698210716248,1,1,1,0.26371735,0.73628265
0.6696269139647484,0,0,1,0.448267,0.551733
0.8870865032076836,1,1,1,0.44321877,0.5567812
0.7546835094690323,0,0,1,0.46068558,0.53931445
-0.8134952262043953,1,1,1,0.05119395,0.94880605
0.5486530661582947,0,0,1,0.35726035,0.64273965
0.005486398935317993,0,1,0,0.57661116,0.42338884
0.6377973258495331,0,0,1,0.034201827,0.96579814
-0.20355172455310822,1,0,0,0.5305467,0.46945328
-0.18144860863685608,1,0,1,0.28342497,0.716575
-0.32221361994743347,1,1,0,0.95686656,0.043133426
-0.9669984392821789,0,0,0,0.99048483,0.009515244
-0.10178717970848083,1,1,1,0.29278865,0.7072114
0.41675877571105957,0,1,0,0.84715545,0.15284447
0.8429637178778648,1,1,0,0.7243054,0.27569458
-0.8019822090864182,1,1,1,0.061551258,0.9384488
0.9611875275149941,0,0,1,0.4991832,0.50081676
0.6986812353134155,0,0,1,0.24253288,0.75746715
0.4892074316740036,1,1,1,0.103858724,0.89614123
-0.5584207400679588,1,0,1,0.26064646,0.7393536
0.7950146570801735,0,0,1,0.058792703,0.9412073
-0.14955022931098938,0,0,0,0.5364106,0.4635894
0.6503345817327499,0,1,0,0.74078494,0.25921503
-0.4443829655647278,1,1,1,0.038247146,0.96175283
-0.011670947074890137,0,0,0,0.7581565,0.24184354
-0.7517287358641624,0,0,0,0.96842057,0.031579442
0.853067297488451,1,1,0,0.7054106,0.29458943
-0.7176185175776482,0,1,0,0.89099115,0.109008804
0.3449389338493347,0,0,1,0.06488224,0.9351177
0.15156316757202148,0,1,0,0.7953427,0.20465733
0.1712215542793274,0,0,1,0.069581576,0.93041843
-0.09311652183532715,0,0,0,0.7019947,0.29800525
0.906603217124939,0,0,0,0.63397473,0.3660252
0.5037935674190521,1,1,0,0.6367944,0.36320564
0.20359691977500916,1,1,1,0.042700566,0.9572994
-0.201896533370018,0,0,0,0.52499235,0.47500762
-0.32630518078804016,1,1,1,0.12062126,0.8793787
0.4516565799713135,1,1,0,0.68867177,0.31132826
0.47705575823783875,0,0,0,0.9652203,0.034779754
0.017188727855682373,0,0,0,0.90698516,0.09301476
0.2926337718963623,0,0,1,0.009959521,0.9900405
-0.08993148803710938,0,1,1,0.47720397,0.52279603
-0.4317799061536789,1,1,1,0.101568595,0.89843136
-0.11661091446876526,0,0,0,0.69625753,0.3037425
-0.3472110629081726,1,1,1,0.041409772,0.95859027
0.4865119606256485,1,1,1,0.3202815,0.6797185
0.7507373243570328,1,1,0,0.5756042,0.42439583
-0.36568328738212585,1,1,1,0.0713982,0.9286018
0.8044715151190758,0,0,1,0.03377735,0.96622264
-0.2617497742176056,0,0,0,0.9615644,0.038435623
0.6055126786231995,1,1,0,0.9342209,0.06577911
0.7321302443742752,1,1,0,0.7957625,0.20423758
0.7041957527399063,0,0,0,0.8455817,0.15441823
-0.46438029408454895,0,0,0,0.9191283,0.080871776
0.6562725901603699,0,0,0,0.6458183,0.3541817
-0.06907868385314941,1,1,1,0.11965162,0.8803484
0.6772810369729996,0,1,0,0.65058255,0.34941745
-0.4523998498916626,0,0,0,0.95042694,0.049573045
0.6967136189341545,0,0,0,0.5917426,0.40825737
-0.5840096175670624,0,0,0,0.8486559,0.15134414
-0.7778896763920784,1,1,1,0.06527669,0.9347233
0.6374402046203613,1,1,0,0.8405082,0.15949182
0.6623251140117645,1,1,0,0.7060563,0.2939437
-0.6087383478879929,0,0,0,0.96794116,0.03205877
-0.6390998065471649,1,1,1,0.12223064,0.87776935
-0.7273269891738892,1,1,1,0.1546839,0.84531605
0.6580950990319252,1,1,0,0.51836395,0.48163602
-0.003497898578643799,1,0,0,0.9524302,0.047569808
0.8122570142149925,0,0,1,0.32743454,0.67256546
-0.32039886713027954,1,0,1,0.18078707,0.819213
-0.31384870409965515,0,0,1,0.10304426,0.8969557
0.8458963297307491,0,0,1,0.36668143,0.6333186
0.029766172170639038,1,0,1,0.39002138,0.6099786
0.491473451256752,1,1,1,0.145217,0.854783
-0.4858063757419586,0,0,0,0.9517533,0.048246678
0.031613051891326904,0,0,0,0.9131571,0.086842895
0.4410375952720642,1,0,1,0.4748655,0.5251345
-0.4379778504371643,0,0,0,0.92118025,0.078819826
-0.4083059951663017,0,0,0,0.6020455,0.39795446
-0.31268566846847534,0,0,0,0.7243168,0.2756832
0.7566942647099495,1,1,1,0.49569905,0.5043009
0.16920703649520874,1,1,1,0.3087333,0.6912667
0.16166898608207703,0,0,0,0.6958774,0.3041226
0.5380336791276932,0,0,1,0.3739507,0.62604934
0.44044503569602966,0,0,1,0.14759251,0.8524075
-0.5020219534635544,1,0,1,0.047904316,0.95209575
0.8870419822633266,1,0,1,0.16762842,0.83237165
0.7569888606667519,1,1,1,0.27170137,0.72829866
0.6856740564107895,1,0,1,0.44815704,0.551843
0.7418379560112953,0,0,0,0.67101276,0.3289872
0.6148322969675064,0,0,0,0.69338286,0.3066172
0.5276216268539429,0,0,0,0.56050354,0.43949646
-0.013561487197875977,1,0,1,0.14902523,0.85097474
0.8615105263888836,0,0,0,0.5671872,0.43281284
0.9066908024251461,0,0,0,0.65728134,0.34271863
0.5095059126615524,1,1,0,0.5165575,0.48344246
-0.5520511120557785,1,1,1,0.14218007,0.8578199
-0.355828195810318,0,0,0,0.87970155,0.12029847
-0.20451846718788147,1,1,0,0.76640064,0.23359936
0.6026250123977661,1,1,0,0.9023592,0.09764085
-0.32623010873794556,1,1,1,0.30929205,0.6907079
0.12768486142158508,0,0,0,0.6689789,0.33102107
0.694168709218502,0,0,0,0.51276296,0.487237
0.7853681892156601,1,1,1,0.49906644,0.5009336
-0.6542137265205383,0,0,0,0.9803601,0.019639933
0.6966456174850464,0,0,0,0.67772645,0.32227358
-0.3262830972671509,1,1,1,0.06389664,0.9361034
0.5773329138755798,1,1,0,0.69371784,0.30628222
0.421146497130394,0,0,1,0.27067104,0.729329
0.19925498962402344,0,0,1,0.057606183,0.9423938
0.48362693190574646,0,0,0,0.53133285,0.46866715
0.4336620271205902,1,1,0,0.9358576,0.06414241
0.39101070165634155,1,0,1,0.33924004,0.66076
-0.7642344906926155,0,0,0,0.9674789,0.03252115
-0.41088515520095825,0,0,0,0.96053946,0.039460592
0.6518481895327568,0,0,1,0.46957844,0.53042156
-0.1900242269039154,0,0,1,0.47185108,0.5281489
-0.6129388958215714,0,1,0,0.95710087,0.04289911
0.0664699375629425,1,1,1,0.091140784,0.90885925
0.11637184023857117,0,0,0,0.78298944,0.21701056
-0.03076028823852539,1,1,1,0.247425,0.752575
0.6704693734645844,1,1,0,0.6445584,0.3554416
-0.3871229439973831,0,0,0,0.59486765,0.4051324
0.8797063231468201,0,0,0,0.6744602,0.32553977
0.5013210624456406,0,0,0,0.5381032,0.4618968
-0.5512308925390244,0,0,0,0.9556917,0.0443083
-0.4403378590941429,1,0,0,0.63175577,0.36824423
0.36689937114715576,1,1,0,0.7639855,0.23601447
-0.18979457020759583,0,0,0,0.9398393,0.06016067
-0.1727694272994995,1,1,0,0.63416356,0.36583647
0.7844938933849335,1,1,0,0.83974826,0.16025175
0.43960675597190857,0,0,1,0.4098888,0.5901112
0.09457874298095703,1,1,1,0.016353156,0.9836468
-0.7234772145748138,1,1,1,0.028091388,0.97190857
-0.02093479037284851,0,0,1,0.038988184,0.9610118
0.6870510876178741,1,1,1,0.15770166,0.8422983
0.44374585151672363,0,0,0,0.90217733,0.09782271
-0.12398514151573181,1,1,1,0.32950094,0.670499
-0.13856160640716553,1,0,1,0.4662242,0.5337758
0.8603573366999626,1,1,0,0.64040786,0.3595921
0.9120937660336494,1,1,0,0.84444606,0.15555398
0.1551336646080017,1,1,1,0.29832467,0.70167536
-0.19452401995658875,0,0,0,0.9869163,0.013083678
-0.25372815132141113,1,1,1,0.28629595,0.71370405
-0.493524506688118,1,1,1,0.23143443,0.76856554
0.7245756089687347,0,0,1,0.22472513,0.77527493
0.9221226256340742,1,1,0,0.5215641,0.47843584
0.7180286347866058,1,1,0,0.8381756,0.1618244
-0.07393449544906616,1,1,1,0.13769099,0.86230904
0.781912587583065,1,1,0,0.5718976,0.4281024
0.5993425697088242,0,1,1,0.12338559,0.8766144
-0.11949369311332703,1,1,1,0.15085347,0.8491465
0.4986664950847626,0,0,1,0.42380327,0.57619673
-0.4863644689321518,0,0,0,0.94620085,0.05379912
-0.5752868056297302,1,1,1,0.35715622,0.6428437
0.034576624631881714,0,1,1,0.06388933,0.9361106
0.012438952922821045,1,0,0,0.93181515,0.06818488
-0.045176535844802856,0,0,0,0.8505342,0.14946577
-0.7530895695090294,1,1,1,0.10780926,0.8921907
-0.5451041907072067,1,1,0,0.92392844,0.076071575
0.7494804561138153,0,0,1,0.31459695,0.68540305
0.7352216616272926,0,0,0,0.81081724,0.18918276
-0.816826581954956,1,1,0,0.96300006,0.036999885
0.6427576243877411,1,1,0,0.6650267,0.33497328
0.5830420106649399,1,1,0,0.5589654,0.44103467
0.7860806807875633,0,1,1,0.4351704,0.5648296
-0.3526999354362488,0,0,0,0.5842666,0.41573343
0.7109672352671623,0,0,0,0.6024424,0.39755765
-0.4487132281064987,1,1,1,0.42254424,0.57745576
-0.44855958223342896,1,1,1,0.13006938,0.8699306
0.2542232275009155,0,0,0,0.9307088,0.06929117
0.6619394570589066,0,0,0,0.59457374,0.4054262
0.026587247848510742,1,1,1,0.15910143,0.8408986
0.7535329684615135,0,0,1,0.2382502,0.7617498
-0.3644507899880409,1,1,0,0.51821864,0.48178133
0.29327669739723206,0,0,0,0.74652755,0.25347245
0.21132025122642517,0,1,0,0.79600334,0.2039967
-0.5319935530424118,1,1,1,0.084421836,0.9155782
-0.03168228268623352,1,1,1,0.29897133,0.70102865
0.19792863726615906,1,1,1,0.46771613,0.5322839
0.6071342378854752,1,1,1,0.1387933,0.8612067
0.5858146101236343,0,0,0,0.51084363,0.48915637
-0.2512131929397583,1,1,1,0.31134877,0.6886512
0.5212865769863129,1,1,0,0.5532486,0.44675142
0.7970422729849815,0,0,1,0.35385454,0.64614546
0.5941420197486877,1,1,1,0.35158148,0.6484185
0.6202854514122009,0,0,0,0.6445188,0.35548124
0.17317429184913635,1,1,0,0.90869844,0.09130152
0.6034557968378067,1,1,1,0.05474384,0.9452562
-0.13347065448760986,0,0,0,0.8615905,0.13840953
0.8278153464198112,0,1,0,0.5082125,0.4917875
-0.6640610694885254,0,0,1,0.26849928,0.7315007
0.261190801858902,0,0,1,0.035504725,0.9644953
0.17467203736305237,1,0,0,0.7262635,0.27373645
0.34052523970603943,1,1,0,0.8369818,0.1630182
0.3771255612373352,0,0,0,0.7668959,0.23310414
0.335344523191452,1,1,0,0.6342695,0.36573052
0.36640465259552,1,1,1,0.03889571,0.96110433
0.20816615223884583,1,1,1,0.057059623,0.9429404
0.5036008805036545,1,1,0,0.5219993,0.4780007
0.7500635460019112,0,0,0,0.5811671,0.4188329
0.49299953877925873,0,0,1,0.4296373,0.5703627
0.6821365803480148,1,1,1,0.10911212,0.89088786
0.5322631895542145,1,1,0,0.5579513,0.4420487
0.7979106456041336,0,0,0,0.7056754,0.29432458
-0.6155035644769669,1,0,1,0.04916067,0.95083934
-0.4822572395205498,1,1,1,0.32869235,0.6713076
0.6491326242685318,1,1,1,0.47493994,0.52506006
0.14348477125167847,0,0,0,0.8470084,0.15299153
0.8042530417442322,1,1,1,0.41154602,0.58845395
0.2359081208705902,1,1,1,0.3141214,0.6858786
-0.5257782936096191,1,1,0,0.97100943,0.028990494
-0.60970039665699,0,0,0,0.76207864,0.23792133
-0.37127575278282166,0,0,0,0.61825067,0.38174936
0.002538621425628662,0,0,1,0.19641154,0.8035885
-0.08363455533981323,0,0,1,0.06066455,0.9393354
0.11791840195655823,0,0,1,0.41834223,0.58165777
0.9339494872838259,0,0,1,0.47257012,0.5274299
-0.29528483748435974,0,1,0,0.9207236,0.07927635
-0.9373621577396989,1,0,1,0.034894004,0.965106
0.4478846788406372,1,1,1,0.26535434,0.73464566
-0.6930979490280151,1,0,1,0.074443474,0.9255566
0.4246883988380432,0,0,0,0.84147155,0.15852843
0.23137524724006653,0,0,1,0.13474497,0.86525506
0.8933663107454777,0,0,0,0.5740968,0.42590317
-0.546234741806984,1,1,1,0.06926923,0.9307307
-0.13603273034095764,0,0,0,0.5283184,0.47168162
0.548206627368927,0,0,1,0.21221863,0.78778136
0.7945554256439209,0,0,0,0.5930628,0.40693718
0.6203754246234894,1,1,1,0.29563805,0.7043619
-0.38933463394641876,1,1,1,0.2488092,0.75119084
-0.17443153262138367,0,0,0,0.9549396,0.04506042
-0.5599007904529572,0,0,0,0.97462195,0.02537802
0.7208888232707977,1,1,0,0.69963336,0.3003666
-0.41566380858421326,1,0,1,0.16677482,0.8332252
-0.57411789894104,1,1,1,0.07463474,0.9253652
-0.457476407289505,1,0,1,0.11892589,0.88107413
-0.2044217884540558,1,1,1,0.1253965,0.8746035
-0.5834119617938995,0,1,0,0.96982217,0.030177757
0.4452001750469208,1,1,1,0.31955495,0.680445
0.37995219230651855,0,0,1,0.1347637,0.86523634
0.050791531801223755,1,1,1,0.11790484,0.8820952
0.5759989470243454,0,0,1,0.0931295,0.9068705
-0.44677868485450745,0,0,0,0.7686134,0.23138662
-0.8313256315886974,0,0,0,0.9445065,0.05549352
0.5226710885763168,0,0,0,0.6249128,0.37508726
0.7282341718673706,1,1,0,0.79445016,0.20554982
-0.10420092940330505,0,1,0,0.6241657,0.3758343
0.8192436993122101,0,0,1,0.49494794,0.50505203
0.587689682841301,1,1,1,0.043498173,0.95650184
0.20415028929710388,1,1,0,0.8078749,0.19212507
-0.7748592160642147,1,1,1,0.11466594,0.88533413
0.48001933097839355,0,0,0,0.7655714,0.23442863
0.22215741872787476,1,1,1,0.40039274,0.5996072
-0.40191054344177246,1,1,1,0.10870372,0.89129627
-0.3355606943368912,1,1,1,0.36621776,0.6337822
0.3944062292575836,1,1,1,0.11938858,0.8806115
0.7714818567037582,0,0,0,0.7444024,0.25559765
-0.27971962094306946,1,1,1,0.2013754,0.79862463
-0.4822678864002228,1,0,1,0.15651053,0.84348947
-0.19581300020217896,1,1,1,0.25689292,0.7431071
0.6327078640460968,1,1,1,0.26551408,0.7344859
0.5871521085500717,0,1,0,0.674781,0.325219
0.15938684344291687,1,1,1,0.18765135,0.81234866
-0.09100925922393799,1,0,1,0.4973604,0.5026396
0.03477686643600464,1,0,1,0.3837876,0.6162124
0.5781654417514801,1,1,0,0.57725567,0.42274436
-0.5323785692453384,1,0,1,0.14806405,0.851936
0.7847143262624741,1,1,0,0.9214145,0.07858553
-0.06144040822982788,0,0,1,0.11029738,0.88970256
-0.14791077375411987,0,1,0,0.6365188,0.36348128
0.7229580134153366,0,0,1,0.49504474,0.50495523
0.8304364383220673,1,0,1,0.46033785,0.5396622
0.11371162533760071,0,1,0,0.6202431,0.37975696
0.43000105023384094,1,1,1,0.45928594,0.5407141
0.25692126154899597,1,1,0,0.9093881,0.09061193
0.8599188029766083,1,1,1,0.36680368,0.63319635
-0.7789597287774086,1,1,1,0.12549938,0.87450063
0.2969774007797241,1,1,0,0.6994701,0.30052993
0.018272489309310913,1,1,1,0.18933646,0.8106635
-0.3749879002571106,0,0,0,0.7567017,0.24329834
0.15251150727272034,0,0,1,0.3792089,0.62079114
0.8676454201340675,0,0,0,0.695684,0.30431598
-0.39148689061403275,1,0,1,0.48498154,0.51501846
-0.46574467420578003,1,1,1,0.37908322,0.6209168
0.879066176712513,0,0,1,0.27844056,0.72155946
0.877894677221775,0,0,1,0.3232252,0.67677486
0.782082088291645,0,0,1,0.45744494,0.5425551
0.7614956945180893,0,0,1,0.2263481,0.7736519
-0.12824058532714844,0,0,0,0.6940967,0.30590335
0.3669321537017822,1,1,0,0.61228675,0.3877132
0.6967784464359283,1,0,0,0.6348152,0.36518484
0.4019548296928406,1,1,0,0.56116825,0.43883178
-0.0475212037563324,0,0,0,0.9233628,0.07663721
-0.3614327311515808,1,0,1,0.06477236,0.9352276
-0.7555300146341324,1,1,1,0.059884027,0.940116
0.6426059752702713,1,1,1,0.110559046,0.889441
0.7344202548265457,0,0,0,0.5961596,0.40384045
0.5375860035419464,1,1,0,0.71324825,0.28675178
0.3161322772502899,0,0,0,0.6068116,0.3931884
0.2778664231300354,1,1,0,0.85879445,0.1412055
-0.35313569009304047,1,0,1,0.24767675,0.7523232
0.10820189118385315,1,1,1,0.22244835,0.77755165
-0.42814400792121887,0,0,0,0.9593885,0.040611535
0.5952093154191971,1,1,1,0.3529886,0.64701146
0.023325979709625244,1,1,1,0.31890363,0.6810963
-0.10747784376144409,1,0,1,0.3011166,0.6988834
0.30125272274017334,1,1,1,0.3573056,0.6426944
-0.5997582748532295,0,0,0,0.7955979,0.20440206
0.48126864433288574,0,0,0,0.6684706,0.33152935
-0.725001722574234,1,1,1,0.10578463,0.89421535
-0.6423206925392151,1,1,1,0.22212766,0.7778723
-0.5217524766921997,1,0,1,0.097221665,0.9027783
-0.5692511647939682,1,1,1,0.23726013,0.7627399
0.7898841723799706,1,0,1,0.35720494,0.6427951
-0.12315571308135986,0,0,0,0.9615071,0.038492955
0.9270175434648991,1,1,0,0.7696773,0.23032275
0.3989889919757843,0,0,0,0.66918063,0.3308194
0.7658136337995529,0,0,0,0.53054136,0.4694586
-0.7904865890741348,1,1,1,0.08644569,0.91355425
0.6850737184286118,0,0,1,0.2859109,0.7140891
0.18294614553451538,1,1,1,0.31730032,0.6826997
0.7877810001373291,0,0,1,0.46642783,0.53357214
-0.5003348290920258,1,0,1,0.26581466,0.73418534
0.843555249273777,0,0,1,0.4584223,0.54157776
0.3917035162448883,1,1,0,0.6269356,0.37306434
-0.48259173333644867,1,1,1,0.117389485,0.8826105
0.6722037345170975,0,0,1,0.10171873,0.8982813
-0.2405441701412201,0,0,0,0.9507537,0.04924638
-0.6099279001355171,1,0,1,0.2200005,0.77999955
-0.2826191633939743,1,1,1,0.30630967,0.69369036
0.11074167490005493,0,0,0,0.92825294,0.07174701
-0.6208912879228592,1,0,1,0.10977328,0.8902267
0.5647424459457397,1,0,1,0.017761653,0.98223835
-0.7600515782833099,0,0,0,0.9564439,0.04355604
0.3853028416633606,1,1,0,0.8553535,0.14464654
-0.6016001850366592,0,0,0,0.95444036,0.045559637
0.8078896775841713,1,1,0,0.7603141,0.23968586
0.9086060225963593,1,0,1,0.24291715,0.7570828
-0.5856025367975235,1,1,1,0.08530547,0.91469455
-0.8471646457910538,1,1,1,0.02373261,0.9762674
0.12472638487815857,0,1,0,0.5971195,0.4028805
0.284885436296463,0,0,0,0.76400787,0.2359921
-0.2170577049255371,1,1,1,0.053738892,0.94626105
0.7910745367407799,0,0,1,0.24091408,0.7590859
0.09068769216537476,1,1,0,0.82525814,0.17474188
0.34770122170448303,0,1,0,0.64193463,0.35806537
0.0388469398021698,0,0,1,0.056805577,0.94319445
-0.1975746750831604,1,1,1,0.25900477,0.74099517
-0.07061260938644409,0,0,0,0.5765228,0.42347714
0.6736671924591064,0,0,1,0.1826691,0.8173309
0.8679501414299011,0,0,1,0.36687195,0.633128
0.45506420731544495,1,1,0,0.79473597,0.2052641
0.1192767322063446,1,0,0,0.52033067,0.47966933
0.4735291302204132,0,0,0,0.9259403,0.074059695
0.1420040726661682,1,1,1,0.37647069,0.6235293
0.23894605040550232,0,1,1,0.4620654,0.5379346
-0.25447624921798706,0,1,0,0.8176205,0.18237948
0.7891995683312416,0,0,1,0.05043067,0.9495694
0.5976833254098892,1,0,1,0.010955077,0.9890449
-0.2848628759384155,1,0,1,0.058037706,0.94196236
-0.15958553552627563,1,1,1,0.03400829,0.9659917
-0.896853618323803,0,1,0,0.9860956,0.013904347
-0.27325165271759033,1,1,1,0.34105572,0.65894425
-0.4059552997350693,1,1,1,0.13426054,0.8657395
0.7601586878299713,0,0,0,0.53565556,0.4643444
0.24744471907615662,0,0,1,0.17821737,0.8217826
0.7917441949248314,1,1,0,0.5878107,0.4121893
0.8556360751390457,1,1,1,0.49279958,0.5072004
0.4818674623966217,0,0,1,0.34869492,0.6513051
0.37419265508651733,1,0,1,0.28651857,0.7134814
0.8801523819565773,1,1,0,0.78958243,0.21041761
0.7678223922848701,0,1,0,0.5969332,0.40306684
0.8355074673891068,0,0,1,0.24661772,0.75338227
-0.22950118780136108,1,0,1,0.3378629,0.6621371
0.7000395953655243,0,0,0,0.6577558,0.34224418
-0.334159791469574,1,0,0,0.7785382,0.22146173
-0.004929840564727783,1,0,1,0.24917996,0.75082004
0.9139411821961403,0,0,0,0.70272803,0.29727197
0.5168466717004776,1,1,1,0.047161385,0.9528386
-0.8476134091615677,0,0,0,0.96110237,0.03889764
-0.6232287138700485,0,0,0,0.7966913,0.20330876
0.9747910872101784,0,0,0,0.6190523,0.38094768
-0.39446499943733215,0,0,0,0.9703526,0.029647345
-0.774465762078762,1,1,1,0.039981555,0.9600185
0.05701667070388794,1,1,1,0.43463153,0.5653685
0.7194270715117455,1,1,1,0.22738753,0.77261245
0.6691921502351761,0,0,0,0.7725283,0.2274717
-0.24977809190750122,1,1,1,0.050757103,0.94924295
0.5516501367092133,1,1,0,0.5093716,0.49062842
-0.1512037217617035,0,0,0,0.95933366,0.040666338
0.627013772726059,0,0,1,0.20367017,0.7963298
0.8081600740551949,0,0,1,0.2168055,0.7831945
-0.12842518091201782,1,1,1,0.13947196,0.86052805
-0.5522174686193466,1,1,1,0.10320331,0.89679664
-0.1602383255958557,1,1,1,0.19340897,0.80659103
-0.23080343008041382,0,1,1,0.038983688,0.96101636
0.5764932930469513,0,0,0,0.6899577,0.31004235
0.4691384434700012,1,1,1,0.49169868,0.5083013
-0.589925080537796,0,0,0,0.9866419,0.013358102
0.38000909984111786,1,1,0,0.6754353,0.32456467
0.7674223855137825,0,0,0,0.5123924,0.4876076
-0.08966055512428284,1,0,1,0.038576026,0.961424
-0.2085687816143036,1,1,1,0.1991506,0.80084944
0.6500525176525116,1,1,1,0.36510924,0.6348908
0.0830407440662384,1,1,0,0.8286697,0.17133029
-0.8831898793578148,0,1,0,0.99389714,0.0061028586
0.06645479798316956,1,1,1,0.03749964,0.96250033
-0.13068276643753052,1,0,1,0.46276107,0.53723896
0.6377767771482468,0,0,0,0.7709349,0.22906514
-0.08188775181770325,0,1,0,0.52331156,0.47668847
-0.5144902765750885,1,1,1,0.1688806,0.8311194
0.8438194766640663,1,1,1,0.050482262,0.94951767
0.8170102760195732,0,0,0,0.5410717,0.45892826
0.528019979596138,0,0,1,0.05179757,0.9482025
-0.7552217319607735,1,1,1,0.019005142,0.9809949
-0.06997531652450562,0,1,0,0.7851231,0.21487685
0.16551125049591064,0,0,0,0.82421094,0.17578906
0.7118489742279053,1,1,1,0.08353246,0.91646755
0.9637211877852678,0,0,1,0.41717154,0.58282846
0.38833165168762207,0,0,0,0.8339737,0.16602626
0.9349344559013844,1,1,1,0.43169183,0.5683082
-0.4222767949104309,1,0,1,0.30777186,0.6922282
-0.8171484544873238,0,0,0,0.98440033,0.015599631
0.6045290529727936,1,1,1,0.08999516,0.9100048
0.15818050503730774,1,1,1,0.43139735,0.5686026
0.2277112603187561,1,1,1,0.34685895,0.6531411
0.3669588267803192,1,1,0,0.7138736,0.2861264
-0.8125056326389313,0,0,0,0.9744557,0.02554425
0.8340327069163322,0,0,0,0.5163359,0.48366413
0.4069162905216217,1,1,1,0.07388648,0.9261135
-0.6482729017734528,1,1,1,0.07037684,0.9296232
-0.7283036708831787,1,0,1,0.016630722,0.9833693
0.3577979505062103,1,1,0,0.6501944,0.34980556
-0.08787667751312256,1,1,1,0.38837978,0.61162025
0.17385917901992798,1,0,1,0.13721162,0.86278844
-0.5140378922224045,1,1,1,0.15789925,0.8421008
-0.053972095251083374,0,0,0,0.8501329,0.14986716
-0.7137680053710938,1,1,1,0.18914229,0.81085765
-0.4222705066204071,0,1,0,0.96999604,0.030004002
-0.5719815939664841,1,1,1,0.03917318,0.9608268
-0.006536394357681274,0,1,0,0.82039267,0.17960727
0.23579785227775574,1,1,0,0.75006956,0.24993041
-0.5338438004255295,0,0,0,0.9489327,0.051067326
0.07012951374053955,0,0,0,0.6519483,0.3480517
0.8438679426908493,1,1,0,0.6588095,0.34119052
0.43374456465244293,1,1,0,0.6312024,0.3687976
-0.9268226511776447,0,0,0,0.9812183,0.018781675
0.7521246001124382,0,0,1,0.34033427,0.65966576
0.5898948162794113,0,0,0,0.6857678,0.3142321
0.8516665920615196,0,0,1,0.29621378,0.7037862
0.6429653912782669,0,1,1,0.45304054,0.54695946
0.07431617379188538,0,0,0,0.8246382,0.17536183
0.879725132137537,1,1,1,0.1931588,0.80684125
0.7518048509955406,1,1,1,0.20275132,0.79724866
0.8768940307199955,1,1,0,0.5228856,0.47711435
0.739559680223465,0,0,0,0.8267032,0.17329682
-0.6473698914051056,1,0,1,0.039066512,0.96093345
0.804681695997715,1,1,0,0.7000394,0.2999606
0.7876928150653839,0,0,0,0.68613505,0.31386498
0.3649880886077881,0,0,0,0.89537174,0.10462825
-0.04187014698982239,1,1,1,0.048766367,0.9512336
0.1954871118068695,1,1,0,0.6886634,0.3113366
-0.7008969783782959,0,1,0,0.96595186,0.034048103
-0.3657812774181366,0,1,0,0.9544091,0.04559086
-0.15926778316497803,1,1,0,0.5319033,0.46809667
0.21953871846199036,1,1,1,0.24857423,0.7514258
0.00519716739654541,1,1,1,0.081478104,0.9185219
-0.5191928893327713,1,1,1,0.16657831,0.8334217
0.7505286857485771,0,0,1,0.37765986,0.6223402
-0.19958677887916565,0,1,0,0.8594783,0.14052173
0.871131669729948,0,1,0,0.59896743,0.40103254
-0.647236555814743,1,1,1,0.06279276,0.9372072
0.0728960931301117,0,0,1,0.021766579,0.97823346
0.9276170432567596,1,1,1,0.4321501,0.5678499
0.3347502648830414,1,1,0,0.5555764,0.44442362
0.035772740840911865,0,1,0,0.5954602,0.4045398
-0.5791770927608013,1,1,1,0.32975972,0.6702403
0.7938634604215622,0,0,1,0.24725851,0.75274146
-0.36361345648765564,0,0,0,0.9449052,0.055094764
-0.5877346694469452,1,1,1,0.10105549,0.89894456
0.06804469227790833,0,0,1,0.08771973,0.9122803
-0.8091253414750099,0,1,0,0.97487384,0.025126157
-0.6805961579084396,0,1,0,0.9867504,0.013249565
-0.6251346319913864,1,1,1,0.013910114,0.9860898
0.699325829744339,0,0,0,0.74972665,0.25027338
-0.7686397954821587,1,1,1,0.08719819,0.91280186
-0.4014033377170563,1,1,1,0.10985662,0.8901434
0.4515613913536072,1,1,1,0.04815118,0.95184875
-0.4292573928833008,1,1,1,0.032318156,0.96768177
0.5468149036169052,1,1,0,0.74411196,0.25588807
-0.5113179087638855,0,0,0,0.95896095,0.04103901
0.3040215075016022,1,1,0,0.70141125,0.29858872
-0.4327043890953064,1,0,1,0.118557364,0.88144267
0.3845055401325226,0,0,1,0.112830155,0.88716984
0.1636098027229309,0,0,1,0.109381326,0.8906187
-0.3651009052991867,0,0,0,0.75120604,0.24879396
0.8187029585242271,0,0,0,0.5977878,0.4022122
-0.4857681542634964,1,1,1,0.14158733,0.8584127
0.19485661387443542,0,0,0,0.8149753,0.18502463
-0.7708992585539818,1,1,1,0.07103172,0.9289683
0.19536533951759338,1,1,1,0.07269263,0.92730737
0.06153815984725952,0,0,0,0.8631541,0.13684589
0.4899127930402756,0,0,0,0.5340755,0.4659245
-0.30044984817504883,1,1,1,0.45486867,0.5451313
0.7809178605675697,0,1,1,0.4136337,0.5863663
-0.5934343189001083,1,1,1,0.07871829,0.9212817
-0.2855289578437805,0,1,0,0.6839146,0.3160854
0.8059539347887039,1,1,0,0.730634,0.26936603
0.1703454852104187,1,1,1,0.3064457,0.69355434
0.7663802355527878,1,1,1,0.19301243,0.8069875
0.6945324540138245,1,1,1,0.22953998,0.77045995
0.8974892720580101,1,0,0,0.6724576,0.32754245
-0.34652963280677795,0,0,1,0.4059063,0.59409374
-0.561361774802208,1,1,1,0.11948805,0.88051194
0.7283859699964523,1,1,0,0.72184956,0.27815038
0.4692060649394989,0,0,0,0.717825,0.282175
-0.7711941972374916,1,1,1,0.03374588,0.9662542
0.12670689821243286,0,0,1,0.41374856,0.58625144
0.3846696615219116,0,0,0,0.7495899,0.25041014
-0.874982874840498,0,0,0,0.9852387,0.014761254
0.7106248736381531,1,1,0,0.7897888,0.21021125
-0.30005744099617004,1,1,1,0.12950653,0.8704935
-0.59886035323143,1,1,1,0.1378166,0.8621834
0.22769981622695923,0,1,1,0.40283737,0.5971626
-0.5990144312381744,0,0,0,0.7981167,0.20188332
-0.0024583935737609863,1,1,0,0.9552039,0.04479614
0.7904285043478012,0,1,0,0.64328265,0.3567173
-0.1522529423236847,1,0,1,0.2582371,0.74176294
-0.3279344439506531,1,1,1,0.4510518,0.54894817
-0.22443100810050964,0,0,0,0.90695477,0.09304521
-0.15489569306373596,1,1,1,0.33052415,0.66947585
0.4829341471195221,1,0,1,0.41384318,0.5861568
-0.15545234084129333,0,1,0,0.8991054,0.10089456
-0.16500002145767212,1,1,1,0.31632927,0.68367076
0.8593254014849663,1,1,1,0.48394394,0.51605606
-0.5115984529256821,1,0,1,0.1899538,0.81004614
-0.724799782037735,1,1,1,0.024017362,0.97598267
0.5289683043956757,1,0,0,0.7359166,0.26408342
-0.4638834595680237,0,0,0,0.71281314,0.2871869
-0.7181951403617859,0,0,0,0.9836234,0.016376542
0.6669136807322502,1,0,0,0.52353287,0.47646713
0.40297314524650574,1,1,0,0.6609667,0.3390333
-0.09861606359481812,0,1,0,0.7133685,0.28663155
-0.40774865448474884,1,1,1,0.31268957,0.68731046
0.2472517192363739,1,1,1,0.2627512,0.73724884
-0.045559972524642944,1,0,1,0.2679059,0.7320941
0.115210622549057,1,0,1,0.03846912,0.96153086
-0.6269125789403915,1,0,0,0.88341177,0.11658823
0.44419626891613007,0,0,0,0.7652797,0.23472029
0.005529671907424927,0,0,0,0.71970576,0.28029427
-0.584641620516777,0,0,0,0.95580685,0.044193212
-0.39106135815382004,1,0,0,0.5444791,0.45552096
0.6705822050571442,0,0,1,0.3741544,0.6258456
-0.4223196357488632,1,1,1,0.3530465,0.6469535
-0.11428403854370117,1,1,1,0.058883604,0.9411164
-0.3923696279525757,0,0,0,0.9741445,0.025855474
0.409422367811203,0,0,1,0.42411038,0.57588965
0.7958092838525772,0,0,0,0.7848702,0.21512984
-0.1861678659915924,1,0,1,0.17485186,0.82514817
0.6526122987270355,0,1,0,0.64772856,0.35227147
0.36253058910369873,1,1,1,0.083620235,0.91637975
-0.30136388540267944,1,1,1,0.031263817,0.9687362
-0.4222068041563034,1,1,1,0.3133604,0.68663967
0.45279499888420105,1,1,1,0.13355605,0.86644393
0.1428225338459015,1,0,1,0.46039662,0.5396034
0.6858299672603607,1,1,1,0.28340915,0.7165908
0.7134223133325577,1,1,0,0.50296205,0.49703795
0.571734830737114,0,0,1,0.12598263,0.87401736
0.8306998237967491,0,0,0,0.8418802,0.15811978
0.02272734045982361,1,1,1,0.43181145,0.5681885
0.24555152654647827,1,1,1,0.31099883,0.68900114
0.18841037154197693,0,1,0,0.9092702,0.090729766
0.4128781855106354,0,0,0,0.7322442,0.26775578
-0.2732726037502289,0,0,0,0.94378114,0.056218915
-0.12901297211647034,1,1,1,0.055512577,0.94448745
-0.6777008175849915,0,0,0,0.94940096,0.05059902
-0.7026688158512115,0,1,1,0.06255455,0.93744546
-0.8801644630730152,0,1,0,0.9518772,0.04812288
0.8802859224379063,0,0,0,0.5648243,0.43517566
0.9037426821887493,1,1,1,0.1990548,0.80094516
0.8280733451247215,1,1,0,0.8054394,0.19456063
0.4523036330938339,1,1,1,0.31670815,0.6832919
0.7195238620042801,1,1,0,0.5545937,0.4454063
0.5785161852836609,0,0,0,0.9316143,0.06838571
0.5830709487199783,0,0,0,0.5011467,0.49885336
0.5329266041517258,1,1,1,0.026665425,0.97333455
-0.7077828459441662,0,1,1,0.20318949,0.79681057
-0.3838637173175812,1,1,1,0.1712084,0.82879156
0.7770668491721153,0,0,1,0.38339293,0.616607
0.8025958389043808,1,0,0,0.7649801,0.23501995
0.7322032451629639,0,0,1,0.16342917,0.83657086
0.5258236825466156,0,0,0,0.8288347,0.17116526
-0.06871730089187622,0,0,0,0.928558,0.07144193
-0.32312095165252686,1,1,1,0.09331521,0.9066848
-0.17658770084381104,0,0,0,0.70043445,0.29956558
0.7721917554736137,1,1,1,0.13660689,0.86339307
0.6057252436876297,1,1,1,0.41008767,0.5899123
0.2818111181259155,1,1,1,0.1307437,0.8692564
0.27101200819015503,1,1,0,0.9494719,0.050528135
0.5951939672231674,1,1,1,0.067512,0.932488
-0.5776720196008682,1,1,1,0.12491441,0.8750856
0.4649262875318527,1,1,1,0.47588754,0.52411246
-0.5063118040561676,1,0,1,0.08625618,0.91374385
0.7026188969612122,0,0,0,0.7205693,0.2794307
0.7732996791601181,0,0,1,0.48306742,0.51693255
-0.5119485110044479,1,1,1,0.10391042,0.89608955
-0.4189745634794235,1,0,1,0.16480169,0.8351983
-0.4790486693382263,0,0,1,0.34069037,0.6593097
-0.3551229387521744,0,0,0,0.6003443,0.3996557
0.8525890782475471,0,1,0,0.84233284,0.1576672
-0.8088786154985428,0,1,0,0.98951226,0.01048779
0.1253516674041748,0,0,1,0.43433377,0.56566626
0.6497652381658554,1,1,1,0.38574138,0.6142586
-0.35629214346408844,1,1,1,0.19842938,0.8015706
-0.23785433173179626,0,1,1,0.49255994,0.50744003
0.509424015879631,1,1,1,0.4670741,0.5329259
-0.46039704978466034,0,0,0,0.73404145,0.26595855
-0.01328885555267334,0,1,0,0.62942827,0.37057176
-0.5591332316398621,1,1,1,0.21171968,0.7882803
-0.28265993297100067,1,1,1,0.32807544,0.67192453
0.7189063206315041,0,0,1,0.48142695,0.518573
-0.1458122730255127,1,1,1,0.078579456,0.9214205
0.8379004895687103,1,1,1,0.20043065,0.7995693
-0.6078988835215569,1,1,1,0.22612575,0.7738742
0.32277175784111023,0,0,1,0.121438555,0.87856144
0.8969527594745159,1,0,0,0.7327184,0.26728162
0.5675388425588608,1,1,1,0.19690175,0.80309826
-0.8830032981932163,0,0,0,0.94884956,0.05115048
0.8358074985444546,1,1,1,0.4817761,0.5182239
-0.8169735744595528,1,1,1,0.018968308,0.9810317
-0.32144632935523987,1,1,1,0.030457078,0.969543
-0.2533179223537445,1,1,0,0.5328271,0.46717292
-0.6075734049081802,1,0,1,0.047989357,0.9520107
-0.4020532965660095,1,1,1,0.05426754,0.9457324
-0.3064853996038437,0,1,0,0.52973795,0.47026202
-0.2729305326938629,1,0,1,0.16258237,0.8374176
0.5252376049757004,0,0,0,0.7567751,0.2432249
-0.7516549155116081,0,0,1,0.12622584,0.8737742
0.8971856459975243,1,0,1,0.22628081,0.7737192
-0.2201175093650818,1,0,1,0.034173865,0.9658262
-0.2751672565937042,1,1,1,0.14948569,0.8505143
0.4544580578804016,1,1,0,0.5917532,0.4082468
0.15759670734405518,0,0,1,0.36464074,0.6353593
0.6216975003480911,0,0,1,0.43226022,0.56773984
0.7544124945998192,0,0,0,0.61411244,0.38588753
0.19267776608467102,0,0,0,0.6653039,0.33469605
-0.8388171568512917,0,0,0,0.97676295,0.02323711
-0.6180903688073158,1,1,1,0.18257554,0.8174245
0.7079687267541885,1,1,1,0.2501579,0.7498421
0.6651799082756042,0,0,1,0.42792505,0.57207495
0.2627101242542267,0,1,1,0.40841553,0.5915845
0.2703793942928314,1,1,1,0.048737526,0.9512625
0.6149421334266663,0,0,0,0.57833457,0.42166543
0.32095153629779816,0,0,0,0.51827323,0.4817268
-0.42921537160873413,0,0,1,0.06276973,0.9372302
0.1434134840965271,0,0,0,0.94846106,0.051538885
-0.11432185769081116,1,1,1,0.18402073,0.8159793
-0.5890310853719711,1,0,1,0.051175572,0.9488244
-0.5137107074260712,1,0,1,0.12367199,0.87632805
-0.6634392887353897,1,1,1,0.04487468,0.95512533
-0.26861658692359924,0,0,0,0.84946346,0.15053655
0.350824773311615,0,0,1,0.080248676,0.9197513
0.48149631917476654,0,0,1,0.2131499,0.7868501
0.9236538037657738,0,0,1,0.1368057,0.86319435
0.9225395694375038,0,0,1,0.26141846,0.73858154
0.6686128675937653,1,1,0,0.76048917,0.23951079
-0.40542280673980713,1,0,0,0.9195692,0.080430865
0.8073839321732521,1,1,1,0.28770876,0.7122912
0.7263150960206985,0,0,1,0.16417854,0.8358214
0.7667280733585358,0,0,0,0.6790595,0.3209405
0.755582295358181,1,1,1,0.06714683,0.9328532
0.8395368009805679,0,1,1,0.36915073,0.63084924
0.7080787718296051,1,1,1,0.07292827,0.92707175
0.025463253259658813,0,1,0,0.54671544,0.45328453
-0.21020326018333435,0,1,0,0.62448746,0.3755125
0.32279571890830994,1,0,1,0.494221,0.505779
0.44838520884513855,1,1,1,0.13506599,0.8649341
-0.2967359721660614,1,0,1,0.19532381,0.80467623
-0.10470551252365112,0,1,0,0.91306436,0.08693566
0.7731078192591667,1,1,0,0.5978869,0.40211314
-0.364052951335907,1,0,1,0.21664023,0.78335977
-0.13389277458190918,0,0,0,0.5110239,0.48897612
0.6634866148233414,0,0,1,0.28595242,0.71404755
0.7661174163222313,1,1,0,0.7721268,0.22787324
0.8456995226442814,0,0,1,0.4305197,0.5694803
-0.30402426421642303,1,1,1,0.45747292,0.5425271
0.44804647564888,0,0,1,0.43381354,0.5661865
0.16848155856132507,0,0,0,0.77616274,0.22383721
-0.5017931833863258,0,0,0,0.6318557,0.3681443
0.14430463314056396,1,1,1,0.13263217,0.86736786
0.7624579891562462,1,1,0,0.62207085,0.37792915
0.2946825921535492,1,1,1,0.34220576,0.65779424
0.3454517126083374,0,1,0,0.8618955,0.13810454
-0.05685782432556152,0,1,0,0.917387,0.08261298
0.580492228269577,0,0,0,0.7957141,0.20428589
0.200967937707901,1,1,1,0.25046393,0.74953604
-0.5444161891937256,1,1,1,0.10876904,0.89123094
0.8419701084494591,1,1,0,0.6555504,0.34444955
-0.34706878662109375,0,0,1,0.18540558,0.81459445
-0.042293280363082886,1,1,1,0.08724929,0.9127507
0.7159278392791748,0,0,0,0.8584653,0.14153472
0.2570450007915497,0,0,1,0.3545631,0.6454369
0.6796252951025963,0,1,1,0.4821851,0.5178149
-0.13729077577590942,0,0,1,0.4619735,0.5380265
0.5384160280227661,1,1,1,0.30894187,0.6910581
-0.25296345353126526,1,0,1,0.4129633,0.5870367
0.5881591290235519,1,0,1,0.28577772,0.7142223
-0.8477652966976166,0,1,0,0.99173135,0.008268665
0.22641929984092712,1,0,1,0.44394648,0.5560535
0.9014153704047203,0,0,0,0.844718,0.15528198
0.382246732711792,0,0,1,0.06895238,0.9310476
0.5573346465826035,0,0,0,0.58044547,0.4195545
0.8077884539961815,0,0,1,0.32556295,0.67443705
-0.8386919684708118,1,1,1,0.06595752,0.93404245
-0.437378391623497,1,0,1,0.2447647,0.7552353
0.801592692732811,0,0,0,0.6358144,0.36418557
-0.3773663640022278,1,1,1,0.03253504,0.9674649
-0.7950227931141853,1,1,1,0.092519514,0.9074805
-0.3923339694738388,1,1,1,0.21496166,0.78503835
0.25615012645721436,1,1,1,0.36368102,0.6363189
0.29077965021133423,0,0,1,0.030791726,0.96920824
-0.758909061551094,1,1,1,0.058874156,0.94112587
-0.7484802603721619,1,0,1,0.039492484,0.9605076
0.6388940066099167,0,0,1,0.09565567,0.9043444
-0.06135058403015137,0,0,0,0.58563524,0.4143647
-0.19055211544036865,0,0,0,0.8904307,0.109569296
-0.5033839792013168,1,1,1,0.04345716,0.95654285
-0.6609856188297272,0,0,0,0.98138696,0.018613089
0.7335504367947578,1,0,1,0.37813234,0.62186766
-0.7166621536016464,1,1,0,0.9770702,0.022929799
0.267606645822525,1,1,1,0.34939653,0.6506035
-0.593689039349556,0,0,0,0.76716846,0.23283151
-0.5801947712898254,1,1,1,0.11191937,0.8880806
0.8494184724986553,1,1,1,0.34962,0.65038
0.014819234609603882,0,0,0,0.86483955,0.1351604
0.5594315826892853,0,0,0,0.64548934,0.3545106
-0.17615726590156555,0,0,1,0.41600692,0.583993
0.31464821100234985,1,0,1,0.3762571,0.6237429
0.6252278834581375,1,1,1,0.16404991,0.8359501
0.3104033023118973,1,1,1,0.44159356,0.5584064
0.6960352286696434,0,0,1,0.39141104,0.608589
0.1014913022518158,0,1,1,0.48471865,0.5152813
-0.14160504937171936,1,1,1,0.1484035,0.85159653
-0.5153191238641739,0,0,0,0.97187346,0.028126542
0.2023148536682129,1,1,1,0.44261146,0.5573886
0.5532316714525223,1,0,0,0.51961374,0.48038623
0.8751141168177128,0,0,1,0.080558665,0.9194414
0.04231467843055725,0,0,0,0.67076457,0.3292354
-0.7458879575133324,0,0,0,0.9622028,0.037797228
-0.511247344315052,1,0,1,0.30445755,0.69554245
-0.42822057008743286,1,0,1,0.25647444,0.74352556
0.4661964774131775,1,1,1,0.3057133,0.6942867
0.7260842174291611,0,0,1,0.24018967,0.7598103
0.6900082230567932,0,0,1,0.46427724,0.5357228
0.946202440187335,1,1,0,0.51014274,0.48985723
0.4941771477460861,0,0,0,0.877643,0.12235705
-0.6857244670391083,0,0,0,0.93668115,0.063318886
0.5855568200349808,0,0,1,0.16500178,0.83499825
0.8788627684116364,1,1,0,0.6698837,0.3301163
-0.5984388887882233,0,0,0,0.9874543,0.0125456415
-0.6003432497382164,1,1,1,0.26702502,0.73297495
-0.5906162410974503,1,1,1,0.20467567,0.7953243
-0.5216795951128006,1,1,1,0.25337186,0.7466281
0.4206439256668091,1,1,1,0.32244056,0.67755944
0.8483897671103477,0,0,1,0.25297168,0.7470283
-0.25777629017829895,1,1,0,0.6956941,0.30430585
0.4097741097211838,1,1,1,0.32847896,0.67152107
0.5014508217573166,0,0,1,0.24818625,0.75181377
-0.8040127530694008,1,1,1,0.06627009,0.9337299
0.7165953144431114,1,1,1,0.24901731,0.7509827
-0.5968119949102402,0,0,0,0.96334624,0.036653817
0.7745871394872665,1,1,0,0.8562981,0.14370193
0.09500446915626526,0,0,0,0.5262028,0.4737972
-0.3840157985687256,1,1,1,0.051626902,0.94837314
-0.7623745650053024,0,1,0,0.99392915,0.006070838
-0.3972955644130707,1,0,0,0.91017157,0.08982843
-0.2613624334335327,1,0,1,0.2844024,0.7155976
0.735137827694416,0,1,1,0.4111452,0.58885485
-0.18746846914291382,1,0,1,0.19078921,0.8092108
-0.5455239713191986,1,0,1,0.19574994,0.80425006
-0.48830094933509827,0,0,0,0.98823035,0.011769676
0.7148524969816208,1,0,1,0.049614538,0.9503855
-0.8340481296181679,1,0,0,0.9910216,0.008978502
0.4218156635761261,1,1,1,0.23698026,0.7630197
-0.49918921291828156,0,0,0,0.8942332,0.10576676
-0.5035780072212219,1,1,1,0.19636837,0.80363166
0.21695101261138916,1,1,0,0.5192081,0.4807919
0.7422137409448624,0,0,1,0.14549674,0.8545033
0.06791245937347412,0,1,1,0.44062608,0.5593739
0.8942438662052155,1,1,1,0.42969686,0.57030314
0.2770468294620514,0,0,1,0.083998315,0.9160017
0.21516069769859314,0,0,0,0.9206252,0.079374775
-0.5495920479297638,0,1,0,0.98104113,0.01895892
-0.008510559797286987,0,0,0,0.8088799,0.1911201
0.8131488710641861,0,0,0,0.8725024,0.12749766
0.145879864692688,0,0,0,0.82301015,0.17698988
-0.39445093274116516,0,0,0,0.87881434,0.12118565
-0.5514820367097855,1,1,1,0.21991163,0.7800883
-0.44728608429431915,1,1,1,0.22413445,0.77586555
-0.5642782598733902,0,0,0,0.94302964,0.05697038
0.02760535478591919,1,1,1,0.05730495,0.9426951
0.8358155190944672,0,0,1,0.30977198,0.690228
-0.1288508176803589,1,0,1,0.36019093,0.639809
0.5087035596370697,1,0,0,0.5034426,0.49655738
-0.3619605600833893,0,0,0,0.5833242,0.41667578
0.08797106146812439,1,1,1,0.41323087,0.58676916
0.14096656441688538,1,1,1,0.19374879,0.8062512
0.2970224916934967,0,0,0,0.59716296,0.40283704
-0.7508076131343842,1,1,1,0.09157503,0.908425
-0.0576285719871521,0,1,0,0.7850959,0.21490413
-0.5190072655677795,1,1,1,0.10004579,0.8999542
-0.800375871360302,1,0,0,0.9691121,0.030887956
0.6495920419692993,1,1,1,0.25810963,0.7418904
0.8306571431457996,1,1,0,0.5080022,0.49199775
0.3549454063177109,1,1,0,0.617064,0.382936
-0.6560099273920059,1,1,1,0.08694177,0.91305816
-0.7862433940172195,0,0,1,0.0570333,0.9429667
0.8107616603374481,1,1,0,0.75268716,0.24731287
0.6736234724521637,1,1,0,0.6488898,0.3511102
-0.7742205262184143,1,0,1,0.01903293,0.98096704
0.7874399796128273,1,1,0,0.5113803,0.48861966
-0.20568126440048218,0,1,0,0.6681836,0.33181638
-0.4905410557985306,0,0,0,0.9841224,0.015877575
-0.9199970662593842,0,0,0,0.99262273,0.0073772836
0.4756477177143097,1,1,1,0.29673335,0.7032666
-0.4985790103673935,1,1,1,0.06720286,0.93279713
-0.46146103739738464,0,1,0,0.76653564,0.23346435
0.003934800624847412,1,0,0,0.5858928,0.41410717
0.476653516292572,0,0,1,0.09807709,0.9019229
-0.40595656633377075,0,0,0,0.93531936,0.064680606
0.122487872838974,1,1,0,0.87213695,0.12786303
-0.6229726821184158,1,1,1,0.19163433,0.8083657
0.08505687117576599,0,0,1,0.4725526,0.5274474
0.17390507459640503,0,0,1,0.087027304,0.91297275
0.2811082601547241,1,1,1,0.24796167,0.7520383
-0.21035800874233246,1,0,0,0.51904774,0.48095223
-0.28070780634880066,0,1,1,0.23779479,0.7622052
-0.7765946313738823,0,0,0,0.9584692,0.04153072
0.02269691228866577,1,1,0,0.9794271,0.020572878
0.6481422930955887,1,1,1,0.29629853,0.70370144
0.6076099723577499,0,0,1,0.025220083,0.9747799
0.49512284994125366,0,0,0,0.7680844,0.23191556
0.8798406273126602,0,0,0,0.6685501,0.3314499
0.7141457349061966,0,1,0,0.58708054,0.41291943
0.7930881604552269,0,0,0,0.7097586,0.29024142
0.057229191064834595,1,1,0,0.93562084,0.064379215
0.30661195516586304,0,0,1,0.23307292,0.7669271
-0.7735678404569626,1,1,1,0.06719415,0.93280584
0.9277881290763617,0,0,0,0.68713355,0.31286645
0.17434120178222656,0,1,0,0.86127645,0.13872355
0.03896167874336243,1,0,1,0.4863628,0.51363724
-0.44889166951179504,0,1,0,0.8396071,0.16039285
0.6568441241979599,0,0,1,0.43942076,0.5605792
-0.0002276599407196045,1,1,1,0.13408163,0.86591834
0.40329843759536743,1,1,1,0.078228325,0.92177165
0.3048364520072937,0,1,1,0.38817388,0.6118261
-0.6685386598110199,0,0,1,0.033661168,0.9663389
-0.13893258571624756,1,1,1,0.030392285,0.9696078
-0.440157875418663,0,1,0,0.773662,0.22633801
-0.19366317987442017,1,0,1,0.35836178,0.6416382
0.6624467894434929,1,1,0,0.52950215,0.4704979
-0.4114590138196945,1,1,1,0.26186448,0.7381356
0.24295508861541748,0,0,0,0.9299851,0.07001486
0.25390511751174927,1,1,1,0.022386597,0.9776134
-0.30022192001342773,1,1,1,0.24224058,0.75775945
-0.8386342376470566,0,0,0,0.9728597,0.027140297
0.653473824262619,1,1,1,0.060491234,0.9395088
-0.5063452273607254,1,1,1,0.07530616,0.9246938
-0.5604648068547249,1,1,1,0.2205776,0.77942234
0.5979580581188202,1,1,1,0.3876995,0.6123005
0.9041258692741394,0,0,0,0.5712703,0.42872968
-0.6760662794113159,1,1,1,0.06468581,0.93531424
0.3621697574853897,1,0,0,0.54605937,0.45394066
0.25205162167549133,1,1,0,0.8822598,0.117740236
0.05060258507728577,0,0,0,0.85468495,0.14531507
0.2468298375606537,0,0,1,0.4691644,0.53083557
0.4245198369026184,0,0,1,0.09186535,0.9081347
0.7205317914485931,0,0,0,0.7925803,0.20741975
-0.4648512899875641,1,1,1,0.22558148,0.7744185
0.7427652478218079,1,1,1,0.30875745,0.6912426
-0.18386498093605042,0,1,1,0.36470705,0.63529295
0.505176454782486,1,1,0,0.56275344,0.43724656
-0.6070921048521996,1,1,1,0.28193387,0.71806616
-0.07633194327354431,0,0,0,0.5331734,0.4668266
0.10096246004104614,1,0,1,0.25338513,0.7466149
0.5823619812726974,0,0,1,0.05868826,0.9413118
0.27434593439102173,1,1,1,0.37403613,0.62596387
0.14804896712303162,1,1,1,0.26897636,0.7310236
-0.3488937020301819,1,1,1,0.19651884,0.8034812
0.6216235458850861,1,1,1,0.22632453,0.77367544
0.35449889302253723,1,1,0,0.90650696,0.093493044
-0.37602268904447556,0,0,1,0.49815693,0.5018431
-0.3473653197288513,1,0,1,0.1816662,0.8183338
-0.693081259727478,0,1,0,0.9157622,0.084237784
0.4970158636569977,1,1,1,0.3093616,0.69063836
0.42647436261177063,1,1,1,0.37015772,0.6298423
-0.880589134991169,0,0,0,0.98255944,0.017440556
0.9090195633471012,0,0,0,0.5516625,0.44833747
0.7205793112516403,1,1,1,0.19787112,0.8021289
-0.28997454047203064,1,1,1,0.09339714,0.9066029
-0.060451388359069824,1,0,1,0.39704007,0.60295993
0.5724994093179703,1,1,0,0.5180897,0.48191032
-0.3396359086036682,0,1,1,0.032231368,0.96776867
0.42082515358924866,0,0,1,0.3144603,0.6855397
-0.6731654852628708,0,0,0,0.91843253,0.0815675
0.038211166858673096,0,0,0,0.80332685,0.1966732
0.858111709356308,1,1,0,0.5540207,0.44597927
0.7426372915506363,0,0,0,0.53290266,0.46709737
0.8249752521514893,1,1,1,0.41005155,0.5899485
0.131779283285141,1,1,1,0.04204092,0.95795906
0.7602906674146652,1,1,1,0.4845469,0.5154531
0.14573052525520325,0,0,0,0.57122517,0.42877483
0.6597094088792801,1,1,1,0.4117142,0.58828574
-0.6054770052433014,0,0,0,0.93691087,0.06308917
0.25890490412712097,1,0,1,0.4597504,0.5402496
-0.8186385184526443,0,0,0,0.9661687,0.03383134
-0.6612009257078171,1,0,1,0.010822143,0.9891778
0.7099750488996506,0,0,1,0.17139304,0.82860696
-0.34144219756126404,1,0,0,0.96199745,0.038002595
-0.3089204281568527,1,1,1,0.46760613,0.5323939
0.3167654424905777,1,0,1,0.43519354,0.56480646
0.0927983820438385,1,1,0,0.7336497,0.26635033
-0.5183925926685333,1,0,0,0.6403377,0.35966235
0.21486017107963562,0,0,1,0.04857988,0.95142007
0.2618340253829956,0,0,1,0.4047394,0.59526056
-0.24977335333824158,0,0,1,0.124208055,0.87579197
0.09987062215805054,1,1,1,0.09255723,0.9074428
0.37377429008483887,0,0,1,0.112201385,0.88779855
0.5323039889335632,1,1,1,0.34451193,0.65548813
0.8110320046544075,0,0,1,0.4332009,0.5667991
0.8037036582827568,0,0,1,0.33307898,0.66692096
-0.13394811749458313,0,0,1,0.29442102,0.70557904
0.6282650381326675,0,0,0,0.5230657,0.47693434
-0.44873372837901115,0,0,1,0.47042677,0.52957326
0.33883094787597656,1,1,0,0.86912495,0.1308751
0.3621958792209625,0,1,0,0.73289156,0.26710847
-0.495453380048275,0,1,0,0.5609342,0.43906584
0.014169275760650635,0,0,0,0.8210922,0.17890775
0.26170283555984497,1,1,0,0.9509921,0.049007867
0.7220083773136139,1,1,0,0.62279135,0.37720862
0.7153531908988953,1,1,1,0.2159547,0.7840453
0.22597503662109375,1,1,1,0.14694054,0.8530595
0.23858413100242615,0,0,0,0.7870671,0.21293284
0.6064504981040955,0,0,0,0.8637027,0.13629726
-0.6691836267709732,1,1,1,0.07311182,0.9268882
0.5636984556913376,1,1,1,0.07500343,0.92499655
0.28103846311569214,0,0,1,0.14987008,0.85012996
0.6552460044622421,0,0,1,0.1691434,0.83085656
0.8332303538918495,1,1,0,0.63807386,0.36192608
-0.23059940338134766,0,0,0,0.60617495,0.39382502
0.5544480681419373,1,1,1,0.2959205,0.7040795
-0.4338752329349518,0,0,0,0.90325737,0.096742645
0.4896805137395859,0,0,1,0.49119255,0.5088075
0.04139077663421631,0,1,1,0.091522254,0.9084777
0.8145655989646912,1,1,0,0.58128715,0.4187129
0.7345359101891518,1,1,1,0.3687282,0.6312718
-0.1979227364063263,1,1,1,0.07428481,0.9257152
0.6899130195379257,1,1,1,0.29800835,0.7019917
0.13269326090812683,1,1,0,0.9170232,0.08297682
0.7258356064558029,0,0,0,0.59360033,0.40639964
-0.4317628890275955,0,0,0,0.7697543,0.23024578
-0.35235603153705597,1,0,1,0.28384542,0.7161546
0.48572133481502533,0,0,1,0.4343664,0.5656336
-0.24751204252243042,0,0,0,0.93613976,0.06386027
0.509574219584465,0,0,1,0.065151244,0.9348487
-0.5749157890677452,1,1,1,0.22481097,0.77518904
0.4871658831834793,1,1,1,0.18369167,0.8163083
-0.37607090175151825,0,1,0,0.71077824,0.28922176
0.6729812324047089,1,1,0,0.62382114,0.3761788
0.09648880362510681,0,1,1,0.43005025,0.56994975
-0.8378825336694717,0,0,0,0.98815316,0.011846895
0.053462594747543335,1,0,0,0.8929426,0.1070574
-0.7276134714484215,0,0,0,0.9570659,0.042934153
-0.7307636924088001,0,0,1,0.18604898,0.81395096
0.23443078994750977,1,1,1,0.010162623,0.98983735
0.6563398838043213,0,0,1,0.09805845,0.9019415
0.40472517907619476,0,0,0,0.5616558,0.43834415
-0.22352197766304016,1,1,1,0.039460286,0.96053976
-0.500908374786377,1,0,1,0.08599058,0.9140094
0.21638041734695435,1,1,1,0.050141547,0.9498584
-0.7042841017246246,0,1,1,0.11111606,0.888884
-0.2029895931482315,0,0,0,0.58047277,0.41952723
0.5958664268255234,0,0,1,0.2558071,0.7441929
0.0003256797790527344,1,0,1,0.30429518,0.6957048
-0.24339109659194946,1,0,1,0.25109416,0.74890584
0.21178793907165527,1,1,0,0.82809097,0.17190903
-0.205480694770813,0,0,0,0.94532216,0.054677896
-0.21389077603816986,0,1,1,0.428164,0.571836
-0.7841940969228745,1,1,1,0.09286971,0.90713024
-0.6648587733507156,1,1,0,0.983859,0.01614104
-0.0786983072757721,0,0,0,0.7461709,0.25382918
0.43521803617477417,0,0,0,0.9486569,0.051343024
0.9515438806265593,1,1,0,0.5206269,0.47937307
-0.26584020256996155,1,0,1,0.2852329,0.7147671
0.34137576818466187,0,0,0,0.94257665,0.05742336
0.827356606721878,0,1,0,0.67778176,0.32221827
0.1478470265865326,1,1,1,0.42148677,0.57851326
0.6013280749320984,0,1,0,0.7686004,0.23139963
0.6800958886742592,0,0,1,0.42254576,0.57745427
0.7172510102391243,1,1,1,0.42655367,0.57344633
0.7964229434728622,0,0,1,0.47091034,0.5290896
-0.3799546957015991,0,0,0,0.9864668,0.0135331405
-0.13780227303504944,1,1,1,0.41317838,0.5868216
-0.16077831387519836,1,1,1,0.40983984,0.5901602
0.6634798794984818,1,1,0,0.7927159,0.20728405
0.4404129385948181,0,1,1,0.40001926,0.5999808
-0.08297652006149292,1,1,1,0.07500128,0.9249987
0.07745468616485596,1,1,1,0.041668113,0.95833194
0.4747820049524307,0,0,1,0.13995482,0.8600452
-0.6143605336546898,1,1,1,0.17578234,0.8242177
-0.29867561161518097,0,0,0,0.650485,0.34951502
-0.04534423351287842,1,1,1,0.031330492,0.9686695
-0.04467704892158508,1,1,1,0.19186568,0.8081343
0.3039131164550781,1,1,1,0.26261842,0.7373816
-0.49383343756198883,0,0,0,0.9356297,0.06437029
0.645404651761055,1,1,1,0.37312546,0.6268745
-0.6398052722215652,1,1,1,0.10965524,0.8903448
0.8183850720524788,1,1,1,0.4151461,0.5848538
-0.23701035976409912,1,1,1,0.46018246,0.5398175
0.7022806033492088,0,0,1,0.39383006,0.60616994
0.761042520403862,1,0,1,0.4708856,0.52911437
0.6463814377784729,0,0,0,0.6785695,0.3214305
0.19995692372322083,1,0,1,0.3486744,0.65132564
0.3186947703361511,0,0,1,0.36753047,0.63246953
0.20193037390708923,1,1,1,0.08544453,0.91455543
0.4161565750837326,1,1,0,0.61506563,0.3849344
-0.1413273811340332,1,1,1,0.3528948,0.64710516
-0.6203828305006027,1,0,0,0.87309766,0.12690233
0.3100638836622238,0,0,0,0.5556027,0.4443973
-0.4049525707960129,0,0,1,0.43904665,0.5609533
-0.15569990873336792,1,1,1,0.3677911,0.6322089
-0.5586556941270828,1,0,1,0.04812858,0.95187145
0.8870822861790657,0,0,1,0.24592957,0.7540704
-0.3552923798561096,1,0,1,0.22675323,0.77324677
-0.2867467999458313,0,0,0,0.97791046,0.022089496
0.28548887372016907,0,0,0,0.6996352,0.30036476
0.42915281653404236,1,1,0,0.6497774,0.35022262
0.6047918200492859,0,0,0,0.75958925,0.24041079
-0.4855341762304306,1,1,1,0.2989701,0.7010299
-0.2403351366519928,1,1,1,0.27067316,0.72932684
-0.43066835403442383,1,1,0,0.8341959,0.16580415
-0.8479997664690018,0,1,0,0.972421,0.027579082
0.07091405987739563,0,0,0,0.728432,0.27156806
-0.0439566969871521,1,1,1,0.4067383,0.5932617
-0.5881596654653549,1,1,1,0.07044245,0.92955756
-0.03352034091949463,0,1,0,0.62426656,0.3757335
-0.4186098128557205,0,0,0,0.7789487,0.22105125
-0.6056777834892273,1,1,1,0.08605519,0.91394484
0.3357735872268677,0,0,0,0.65341854,0.34658146
0.2558175325393677,0,0,0,0.6831789,0.3168211
-0.06330472230911255,0,1,0,0.5082031,0.49179688
-0.4746744930744171,1,0,1,0.12648124,0.87351876
-0.5982302874326706,1,1,1,0.13228095,0.86771905
0.7514913529157639,0,0,1,0.41871026,0.58128977
-0.5556419789791107,0,0,1,0.0907514,0.90924853
0.6051158457994461,0,0,1,0.4884373,0.5115627
0.5923466384410858,1,1,1,0.38873148,0.6112685
-0.6535331979393959,1,1,1,0.13953535,0.86046463
0.8798494376242161,0,1,0,0.5058852,0.49411482
-0.5257647931575775,1,1,1,0.059192196,0.94080776
0.6901774853467941,1,1,0,0.79279464,0.20720528
-0.7771763429045677,0,1,0,0.98919535,0.010804638
0.2241232693195343,1,1,1,0.07612601,0.923874
0.4735817611217499,1,1,0,0.8404844,0.15951568
0.05240437388420105,1,1,1,0.26177517,0.7382248
-0.6997767016291618,1,1,1,0.18520768,0.81479234
-0.3369613438844681,0,0,0,0.66936606,0.33063397
0.11908340454101562,0,0,0,0.71745497,0.28254503
0.43318578600883484,1,1,1,0.06958433,0.93041563
0.2448829710483551,1,1,1,0.40027323,0.5997268
0.8078436106443405,1,1,1,0.24793315,0.75206685
0.35965725779533386,1,1,0,0.6855074,0.31449252
-0.5706246495246887,0,0,0,0.95409226,0.045907803
-0.7268320620059967,0,1,0,0.8819457,0.118054286
0.45494094491004944,0,0,1,0.1421635,0.8578365
-0.3867225795984268,1,1,1,0.2427992,0.7572008
0.21173596382141113,1,1,0,0.8485531,0.15144688
-0.4036538004875183,0,0,1,0.4214079,0.57859206
0.1715739369392395,1,0,1,0.3149174,0.6850826
0.4964357912540436,1,0,1,0.29145035,0.7085497
-0.1200132668018341,0,0,1,0.4923289,0.5076711
-0.1950678527355194,0,0,0,0.71039224,0.28960773
0.11010423302650452,1,1,1,0.055027895,0.9449721
-0.6089179217815399,1,1,1,0.28552574,0.71447426
0.8026841580867767,0,0,1,0.4211173,0.5788827
0.9034476839005947,1,1,0,0.5503281,0.44967192
0.5567705929279327,0,0,0,0.7936972,0.20630282
-0.24035829305648804,1,0,1,0.13779566,0.8622043
0.6429697871208191,0,0,1,0.42130873,0.57869124
0.28693318367004395,1,1,0,0.9124147,0.0875853
-0.5035668164491653,1,1,1,0.25140285,0.74859715
-0.3302927315235138,1,1,0,0.67722726,0.32277274
-0.6779887676239014,0,0,1,0.07916846,0.92083156
-0.4490160569548607,0,0,0,0.65141606,0.34858388
-0.27754046022892,1,1,1,0.4089134,0.5910866
0.21092817187309265,0,1,0,0.69846267,0.30153728
0.7217938676476479,1,1,1,0.42045012,0.5795499
0.21064481139183044,0,0,0,0.8678813,0.13211875
-0.3282145857810974,0,1,0,0.9095223,0.09047766
0.2805195152759552,0,0,0,0.599882,0.400118
0.6322633475065231,1,1,0,0.6715212,0.32847875
-0.4051988422870636,1,1,1,0.06838331,0.93161666
-0.2594085931777954,1,1,1,0.17071186,0.8292882
-0.25121447443962097,1,0,1,0.24075633,0.7592436
0.8638834394514561,1,1,1,0.32027555,0.6797244
-0.0490393340587616,1,1,1,0.058894534,0.9411055
0.9241186548024416,1,1,1,0.47019914,0.5298009
0.8594437204301357,1,0,1,0.34599495,0.6540051
-0.12851986289024353,0,0,0,0.7157028,0.28429726
-0.058910876512527466,1,1,0,0.91569096,0.08430904
-0.8614201210439205,0,0,0,0.9712142,0.028785806
0.07366842031478882,1,1,1,0.18806386,0.8119361
0.2877134084701538,0,0,1,0.37725633,0.6227437
-0.26608672738075256,1,0,0,0.8494669,0.15053305
-0.46122077107429504,0,1,1,0.22232136,0.77767867
-0.7637543603777885,0,0,1,0.11472778,0.88527226
-0.7348454371094704,0,0,1,0.01851714,0.9814828
0.5010073482990265,0,0,0,0.7643561,0.23564394
-0.02330315113067627,1,1,1,0.056457642,0.9435424
-0.30751779675483704,0,1,0,0.93509287,0.06490716
-0.7415399625897408,1,1,1,0.103974484,0.89602554
-0.4568743407726288,1,1,1,0.17639711,0.8236029
-0.5306617617607117,1,1,1,0.1353776,0.8646224
-0.31904080510139465,1,0,1,0.14445104,0.855549
-0.4490373730659485,0,0,0,0.96673,0.03327001
-0.6040602326393127,1,1,1,0.03050658,0.96949345
-0.5299679189920425,1,1,1,0.066334814,0.93366516
0.20998215675354004,1,0,1,0.43147433,0.5685257
-0.5072396695613861,0,0,1,0.010870335,0.98912966
0.2646311819553375,0,0,1,0.46512693,0.53487307
0.6017373353242874,1,1,1,0.41128778,0.5887123
-0.5549625158309937,1,0,1,0.07469062,0.9253094
0.7517403736710548,0,0,1,0.070617035,0.929383
-0.1791476607322693,0,0,0,0.92899793,0.071002044
-0.0931209921836853,0,0,0,0.8514531,0.14854684
0.04889675974845886,1,0,0,0.97625583,0.02374423
0.8819977603852749,0,0,1,0.20983623,0.7901638
-0.42572224140167236,1,1,1,0.06662095,0.93337905
0.13424968719482422,1,1,1,0.4555506,0.5444494
-0.2705295979976654,1,1,1,0.11626382,0.8837362
-0.3516606092453003,1,0,1,0.20871595,0.7912841
-0.6544227302074432,0,0,0,0.94618636,0.05381368
0.003134012222290039,0,0,0,0.619369,0.3806311
0.471447616815567,0,0,0,0.9720219,0.027978113
0.04112383723258972,0,0,0,0.80186707,0.19813292
-0.29058459401130676,1,1,1,0.14606887,0.8539311
0.6656922101974487,0,0,0,0.5802746,0.4197254
0.47660136222839355,0,0,0,0.7274098,0.27259022
0.26699674129486084,1,1,1,0.24532652,0.7546735
0.4020156264305115,1,0,1,0.113186575,0.88681346
0.4090011417865753,0,0,1,0.07635857,0.9236415
-0.643720880150795,1,1,1,0.09966291,0.9003371
-0.06459963321685791,1,1,1,0.107094966,0.89290506
0.33925825357437134,1,1,1,0.13521564,0.86478436
0.46340206265449524,1,1,1,0.29614756,0.7038525
-0.867174044251442,0,0,0,0.99051124,0.00948881
-0.1795249581336975,1,1,1,0.07855371,0.92144626
0.7003054618835449,1,1,0,0.51886684,0.48113316
-0.5917137190699577,0,0,1,0.21493791,0.7850621
0.16769438982009888,1,1,1,0.37864745,0.6213526
0.44930580258369446,0,0,0,0.8981377,0.10186225
0.47487935423851013,0,0,0,0.9684235,0.03157654
0.45387887954711914,1,1,1,0.016419197,0.9835808
0.5462560802698135,1,1,0,0.7364625,0.26353753
0.8851720094680786,1,1,0,0.6870475,0.31295252
0.9414302781224251,0,0,0,0.78197926,0.21802078
0.48498721420764923,0,0,1,0.18652822,0.8134718
-0.7913056313991547,1,1,1,0.07595424,0.9240458
-0.2878512144088745,1,0,1,0.17186777,0.8281323
-0.33896902203559875,0,0,0,0.9078218,0.092178196
0.7382843941450119,1,1,1,0.4356555,0.56434447
0.5832699835300446,1,0,0,0.676376,0.32362399
0.2732101380825043,0,0,0,0.8557306,0.14426938
0.7751291245222092,1,1,1,0.15461,0.84539
-0.3680359125137329,1,1,1,0.07382886,0.9261711
0.7285956665873528,1,1,1,0.35090142,0.6490985
-0.7484926953911781,0,0,0,0.98293555,0.017064432
0.67227803170681,1,0,1,0.45888054,0.54111946
0.5262777209281921,1,1,1,0.42685753,0.57314247
0.59374038875103,0,1,0,0.61885005,0.38114998
-0.23574396967887878,0,0,1,0.3165986,0.68340147
0.5787141174077988,0,0,0,0.6023479,0.39765212
-0.6829273588955402,1,1,1,0.23975325,0.76024675
-0.7235101833939552,0,1,0,0.9245626,0.075437464
-0.5686550438404083,0,1,0,0.89862293,0.101377085
-0.4296795278787613,0,0,0,0.90137553,0.098624535
-0.25145572423934937,1,1,1,0.18415543,0.81584454
-0.23031388223171234,0,0,1,0.37918672,0.6208133
-0.6525705456733704,1,1,1,0.018767001,0.981233
-0.5129807889461517,1,1,1,0.039524216,0.96047574
-0.23859094083309174,0,0,0,0.57893676,0.4210632
-0.5388824343681335,1,0,1,0.22168365,0.7783164
0.04258754849433899,1,1,1,0.31205568,0.6879443
0.17572501301765442,1,0,1,0.24281526,0.7571848
-0.45016470551490784,0,0,0,0.93552816,0.06447179
0.281769335269928,1,1,1,0.16264713,0.8373529
0.32734358310699463,1,0,1,0.28238514,0.7176148
0.51618592441082,0,0,0,0.619708,0.380292
-0.1859138160943985,0,0,1,0.42945287,0.57054716
-0.40250009298324585,1,1,0,0.899885,0.10011503
0.21847304701805115,1,0,1,0.23040743,0.7695925
0.6808537244796753,1,1,0,0.66862977,0.33137026
-0.4216251075267792,1,0,0,0.93115795,0.06884204
0.4314400553703308,0,1,1,0.2930217,0.7069783
-0.6066455841064453,0,1,0,0.98440695,0.015593035
-0.5855724066495895,1,0,1,0.07660619,0.9233938
-0.21145682036876678,1,1,1,0.4613721,0.53862786
-0.37761974334716797,1,0,0,0.86005735,0.13994266
-0.3270828574895859,0,0,0,0.5457972,0.45420274
0.8286556787788868,1,1,0,0.5288383,0.47116172
0.740203469991684,0,0,1,0.43595156,0.5640484
-0.43973875045776367,1,1,1,0.17082897,0.829171
-0.5775598287582397,1,1,1,0.023319531,0.97668046
0.6602748334407806,0,0,1,0.43881083,0.56118923
0.5601959079504013,0,0,1,0.045410555,0.95458937
0.7021487802267075,0,0,0,0.6748376,0.32516238
-0.401141494512558,1,0,1,0.47658306,0.523417
0.8014172539114952,1,1,1,0.08739415,0.9126058
0.42934176325798035,1,0,0,0.72226167,0.27773833
0.6747249215841293,1,1,1,0.3354387,0.6645613
-0.21657362580299377,1,1,0,0.9809269,0.019073082
-0.6267656087875366,0,0,0,0.9798068,0.020193256
-0.24539387226104736,1,1,1,0.18674003,0.81326
-0.2955738604068756,1,0,1,0.04749645,0.9525035
-0.4750185161828995,0,0,0,0.8851914,0.1148086
0.10141712427139282,1,1,0,0.5217396,0.47826034
-0.5032016560435295,1,1,1,0.34443346,0.6555665
0.03810963034629822,1,0,1,0.15441443,0.8455856
0.8557310625910759,0,0,0,0.57824785,0.42175213
0.8424489051103592,0,0,1,0.30444688,0.6955531
0.5289316773414612,0,0,1,0.09565734,0.9043426
-0.08412185311317444,1,1,0,0.56889606,0.43110391
0.47460663318634033,1,0,1,0.4650828,0.53491724
0.3377816379070282,0,0,0,0.9549256,0.04507441
-0.887462992221117,0,0,0,0.97877115,0.021228857
-0.5778777450323105,0,0,0,0.97617525,0.023824703
0.6786400228738785,0,0,1,0.2623259,0.7376741
0.3162401020526886,0,0,0,0.75722915,0.24277085
0.7560308799147606,0,0,1,0.406567,0.593433
0.22478017210960388,0,0,1,0.31468612,0.6853139
0.3676200658082962,0,0,1,0.39375857,0.6062414
0.5426656007766724,1,1,1,0.12255228,0.8774477
-0.08764722943305969,1,1,1,0.25194678,0.7480532
0.7445908486843109,1,1,0,0.62639844,0.3736015
0.5127783268690109,1,1,1,0.17582668,0.8241734
0.666278101503849,0,0,0,0.5593575,0.44064248
0.7485109269618988,0,0,1,0.25314796,0.74685204
-0.4456910192966461,1,1,0,0.9358004,0.064199686
0.3846159875392914,1,1,1,0.21526325,0.78473675
-0.5441537946462631,1,1,1,0.19866562,0.8013344
0.6888142675161362,0,0,0,0.50022244,0.49977756
-0.23237344622612,1,0,1,0.09150205,0.908498
-0.6459570974111557,1,1,1,0.058020957,0.94197905
-0.1854444146156311,1,1,1,0.38504013,0.61495984
0.6522131711244583,1,0,0,0.80078715,0.1992129
-0.13920381665229797,0,0,1,0.3141301,0.68586993
-0.16378337144851685,0,1,0,0.93525034,0.06474974
-0.557853490114212,1,0,1,0.07957774,0.92042226
0.043065279722213745,1,0,1,0.3568018,0.6431982
0.7505232095718384,1,1,0,0.6538038,0.34619614
0.0859505832195282,1,1,0,0.96762824,0.03237179
-0.11869284510612488,1,1,1,0.033437744,0.9665622
-0.4764654040336609,1,1,1,0.075749844,0.9242501
-0.676705114543438,1,1,1,0.09961176,0.9003882
0.1659013032913208,0,0,0,0.7218309,0.27816904
-0.5465282499790192,1,0,1,0.10866576,0.8913343
0.30945006012916565,0,0,0,0.5169547,0.48304528
0.7711517065763474,0,0,0,0.56609195,0.43390802
-0.12807419896125793,0,1,1,0.036632523,0.96336746
0.6403878182172775,1,1,1,0.4622638,0.5377362
-0.4576331824064255,1,0,1,0.30537075,0.69462925
0.4155964255332947,1,1,1,0.17314632,0.82685375
0.6479389667510986,0,1,0,0.7944596,0.20554043
-0.5316572859883308,1,1,1,0.27957112,0.7204288
0.8918725997209549,1,1,0,0.85931945,0.14068049
0.5500841289758682,0,0,0,0.6170675,0.38293245
0.17511823773384094,0,0,0,0.7553977,0.24460231
0.30006077885627747,1,1,1,0.120493725,0.8795063
-0.6429083943367004,1,1,1,0.15480635,0.8451937
-0.5142108649015427,1,1,1,0.100673415,0.89932656
0.034267425537109375,1,1,1,0.22781244,0.7721876
0.13718795776367188,1,1,1,0.22882828,0.7711717
0.2716785669326782,0,0,1,0.10991059,0.89008945
-0.5267197340726852,0,1,0,0.92651874,0.07348125
0.5666502565145493,0,0,0,0.7163077,0.2836923
0.6629935204982758,0,1,0,0.8879556,0.11204442
-0.18218088150024414,1,1,1,0.31994238,0.68005764
-0.0435468852519989,1,1,1,0.4794478,0.5205522
-0.5653825402259827,1,1,1,0.0434605,0.95653945
0.2042793333530426,1,1,0,0.86157024,0.13842979
0.7843057885766029,0,0,1,0.22325587,0.7767441
0.1541081964969635,1,1,0,0.91839844,0.08160157
0.698318287730217,0,0,0,0.94173414,0.058265828
-0.41007810831069946,0,0,0,0.9709891,0.029010935
0.013914048671722412,0,0,0,0.5217461,0.47825384
-0.512683592736721,0,0,1,0.36008286,0.6399171
0.41250693798065186,1,1,1,0.033826638,0.96617335
-0.4010058492422104,1,1,1,0.16354589,0.8364541
0.8125562965869904,1,1,1,0.3672301,0.63276994
-0.8232632800936699,1,1,1,0.03821294,0.9617871
0.8596326224505901,1,1,0,0.71457505,0.28542492
-0.7274031937122345,0,0,1,0.040907428,0.95909256
-0.0782974362373352,0,1,0,0.87569326,0.124306716
0.5106979012489319,0,0,0,0.8013755,0.19862455
0.6401276737451553,1,1,0,0.6462996,0.3537004
0.7746337801218033,0,0,1,0.13282326,0.8671767
0.5867529958486557,1,1,0,0.62424195,0.37575808
0.8542214706540108,1,1,0,0.7643599,0.23564015
-0.5807363241910934,0,0,0,0.9121099,0.08789012
0.8961952887475491,1,1,0,0.561719,0.438281
0.49842415750026703,0,0,1,0.30859393,0.6914061
-0.32756488025188446,1,1,1,0.42396402,0.576036
0.7532186657190323,0,0,0,0.7754484,0.2245516
0.7401848211884499,0,0,0,0.65575695,0.34424305
-0.11333882808685303,1,1,1,0.12099165,0.87900835
0.8140906468033791,0,1,1,0.38164106,0.61835897
-0.2924954891204834,0,0,0,0.9712029,0.028797055
-0.08313313126564026,0,0,0,0.9034756,0.09652443
0.6893929168581963,0,1,1,0.46324602,0.53675395
-0.4009367823600769,1,1,1,0.30940455,0.69059545
-0.7531290948390961,1,1,1,0.01696404,0.983036
0.6919706240296364,1,0,0,0.6132876,0.38671234
0.28885573148727417,1,1,1,0.15161575,0.84838426
0.774857297539711,1,1,0,0.6555454,0.34445465
-0.36029210686683655,0,0,0,0.9408751,0.0591249
-0.7446297779679298,1,1,1,0.023309,0.97669107
-0.5290973782539368,1,0,1,0.03468023,0.9653198
-0.31467536091804504,1,1,1,0.092987046,0.90701294
-0.4658505469560623,1,1,0,0.88305616,0.11694383
-0.403573676943779,0,0,0,0.7192022,0.28079778
-0.31302182376384735,0,1,0,0.72594494,0.2740551
-0.4186469614505768,1,1,1,0.18284814,0.81715184
0.027683109045028687,0,0,0,0.62983185,0.3701682
0.1305008828639984,1,0,0,0.5349189,0.4650811
0.8529200293123722,0,0,0,0.5379592,0.46204078
0.26731884479522705,0,0,0,0.8310106,0.1689894
-0.38600631058216095,0,0,1,0.29933214,0.70066786
0.7870438098907471,1,1,0,0.58944637,0.4105536
-0.3795352578163147,1,1,1,0.07174064,0.9282593
-0.4811507314443588,0,1,0,0.9350888,0.064911164
0.4832381308078766,1,0,1,0.47411552,0.52588445
-0.8703862428665161,1,1,1,0.07155074,0.9284493
0.6237148642539978,1,1,1,0.3843305,0.6156695
-0.3062197268009186,0,0,0,0.9106424,0.08935763
-0.09157711267471313,0,0,0,0.69857836,0.30142164
0.79628836363554,0,0,1,0.46826386,0.5317361
0.4028553366661072,1,1,1,0.36407766,0.6359223
-0.20979586243629456,1,1,1,0.29269338,0.70730656
-0.057087063789367676,0,0,0,0.7760785,0.22392146
-0.15803462266921997,0,0,0,0.5789798,0.42102024
0.237280935049057,1,1,1,0.11929836,0.8807016
-0.2111211121082306,1,1,1,0.3217025,0.67829746
0.42098774015903473,1,1,1,0.2952831,0.70471686
-0.487240195274353,0,0,0,0.9054688,0.094531216
0.3651273548603058,0,1,0,0.9522951,0.04770482
0.555205225944519,1,1,1,0.058395017,0.941605
0.7579591423273087,0,0,0,0.61291593,0.38708404
-0.4168793857097626,1,1,1,0.017947542,0.9820525
0.26715824007987976,1,1,1,0.14906783,0.8509322
0.5848642736673355,1,1,1,0.24160022,0.7583998
-0.38612306118011475,1,1,1,0.06087535,0.93912464
-0.009746164083480835,0,0,0,0.61854875,0.38145125
0.7128418162465096,0,0,0,0.7077512,0.29224876
0.15822729468345642,1,1,0,0.87025857,0.12974145
0.8472172543406487,0,0,1,0.13471518,0.86528486
-0.8022795021533966,1,1,1,0.011666473,0.98833346
-0.10074499249458313,1,1,1,0.05994387,0.94005615
0.7875147238373756,1,0,1,0.43707353,0.5629264
0.7412071749567986,0,0,1,0.39023367,0.60976636
0.06861409544944763,1,1,0,0.50573707,0.4942629
0.4933733642101288,0,1,1,0.11177784,0.88822216
