data,method,target_coverage,N,N_h_l,N_h_r,c,p,q,coef_rob,se_rob,pv_rob,ci_rob_l,ci_rob_u
cifar10h,RS,0.1,"[180, 1820]",180.0,978.0,-0.9999731383382826,1.0,2.0,-0.27126208840705074,0.16247325114578445,0.0950024928787328,-0.5897038091039193,0.04717963228981786
cifar10h,RS,0.2,"[398, 1602]",398.0,809.0,-0.99981930352169,1.0,2.0,0.00999201074482392,0.12799508755146016,0.9377758868021503,-0.24087375105408904,0.2608577725437369
cifar10h,RS,0.3,"[603, 1397]",603.0,604.0,-0.9993071280524418,1.0,2.0,0.11598117638399497,0.11003165208422785,0.2918504003445782,-0.09967689886053321,0.33163925162852315
cifar10h,RS,0.4,"[798, 1202]",798.0,417.0,-0.9980002720258199,1.0,2.0,0.09795222525319802,0.11243786412712148,0.38366264301658004,-0.12242193893456821,0.31832638944096425
cifar10h,RS,0.5,"[966, 1034]",966.0,247.0,-0.9950615621637553,1.0,2.0,0.24512581970884295,0.11257698438716694,0.029450276198692567,0.024478984821867777,0.4657726545958181
cifar10h,RS,0.6,"[1186, 814]",232.0,101.0,-0.9860452977474778,1.0,2.0,0.3414737360616257,0.15691390568690458,0.029541407107087324,0.03392813224177793,0.6490193398814734
cifar10h,RS,0.7,"[1394, 606]",151.0,76.0,-0.9618011144921184,1.0,2.0,-0.043538390706895136,0.20339128896275957,0.8304985374925566,-0.4421779918430829,0.3551012104292926
cifar10h,RS,0.8,"[1620, 380]",121.0,60.0,-0.8773920699954033,1.0,2.0,-0.10618188319926691,0.19149196522343453,0.5792381759854064,-0.4814992383659951,0.2691354719674613
cifar10h,RS,0.9,"[1808, 192]",111.0,78.0,-0.6675316379871219,1.0,2.0,-0.13211815654990344,0.20385450961021134,0.5169201189579788,-0.531665653471992,0.26742934037218513
cifar10h,CC,0.1,"[234, 1766]",125.0,162.0,-0.07331295013427731,1.0,2.0,-0.04284342351032633,0.19696166086811331,0.8278018443391302,-0.42888118514702056,0.3431943381263679
cifar10h,CC,0.2,"[428, 1572]",194.0,236.0,-0.05839759111404412,1.0,2.0,0.08960260221451088,0.12520794534721832,0.47421964559262353,-0.15580046124429647,0.33500566567331824
cifar10h,CC,0.3,"[617, 1383]",234.0,271.0,-0.0470355212688446,1.0,2.0,-0.14807120030627108,0.10959145194343824,0.17665700231607273,-0.36286649912886215,0.06672409851631997
cifar10h,CC,0.4,"[804, 1196]",393.0,461.0,-0.036750161647796556,1.0,2.0,0.020594440873531794,0.08574707744345897,0.8101933591651305,-0.14746674269521465,0.18865562444227824
cifar10h,CC,0.5,"[1017, 983]",542.0,549.0,-0.0266504883766174,1.0,2.0,0.038922401291862196,0.07654136930549034,0.6110925257340137,-0.11109592587427844,0.18894072845800283
cifar10h,CC,0.6,"[1212, 788]",500.0,371.0,-0.016666948795318562,1.0,2.0,-0.12688771829581857,0.08259489709837911,0.12447319593300675,-0.28877074191543345,0.0349953053237963
cifar10h,CC,0.7,"[1393, 607]",690.0,222.0,-0.009175038337707452,1.0,2.0,0.04480574728046072,0.07284100586606305,0.5384773990754543,-0.09796000081469367,0.1875714953756151
cifar10h,CC,0.8,"[1615, 385]",909.0,84.0,0.021714341640472413,1.0,2.0,-0.11337194832817343,0.16113412602300298,0.48168973115950187,-0.42918903201359754,0.20244513535725067
cifar10h,CC,0.9,"[1816, 184]",108.0,79.0,0.21381976008415218,1.0,2.0,0.07428498393564786,0.21283806187583396,0.7270734355867725,-0.34286995188029423,0.49143991975158996
cifar10h,DT,0.1,"[217, 1783]",131.0,232.0,0.90130597,1.0,2.0,-0.23561041432317154,0.15283312179996444,0.12316625353575936,-0.5351578286959253,0.0639370000495822
cifar10h,DT,0.2,"[446, 1554]",259.0,374.0,0.9213099499999999,1.0,2.0,-0.15468643899823387,0.10006349730414682,0.12213287616387515,-0.35080728988148246,0.041434411885014705
cifar10h,DT,0.3,"[679, 1321]",397.0,469.0,0.934865878,1.0,2.0,0.11482947655030218,0.08675089849381054,0.18561299256384456,-0.05519916012405651,0.28485811322466087
cifar10h,DT,0.4,"[862, 1138]",291.0,361.0,0.947528196,1.0,2.0,-0.024357482101059702,0.1041590664358271,0.8151022926940398,-0.2285055009785956,0.1797905367764762
cifar10h,DT,0.5,"[1052, 948]",256.0,293.0,0.9572655999999999,1.0,2.0,0.0761807306252047,0.1005990595672174,0.4488876392083043,-0.12098980300514098,0.27335126425555034
cifar10h,DT,0.6,"[1244, 756]",263.0,275.0,0.96684264,1.0,2.0,-0.2255835500615152,0.1104751828316531,0.04115761336424352,-0.442110929597033,-0.009056170525997415
cifar10h,DT,0.7,"[1435, 565]",121.0,142.0,0.9760713,1.0,2.0,0.1374485906433518,0.177438401065772,0.4385600503898771,-0.21032428491993488,0.4852214662066385
cifar10h,DT,0.8,"[1629, 371]",145.0,134.0,0.98422218,1.0,2.0,0.04771253079656945,0.15912671691056543,0.7642993177104901,-0.2641701033262396,0.3595951649193785
cifar10h,DT,0.9,"[1806, 194]",198.0,193.0,0.991341567,1.0,2.0,-0.19776166221609326,0.13700503269047415,0.14889015651380458,-0.4662865919901553,0.0707632675579688
cifar10h,LCE,0.1,"[174, 1826]",125.0,232.0,-0.3645091325044632,1.0,2.0,0.13750093412223396,0.14929808213630552,0.35705951757321197,-0.15511792982582767,0.4301197980702956
cifar10h,LCE,0.2,"[391, 1609]",266.0,360.0,-0.2369816541671752,1.0,2.0,-0.059601275461980685,0.10671659129643493,0.5765026256702201,-0.26876195095587374,0.14955940003191237
cifar10h,LCE,0.3,"[578, 1422]",290.0,342.0,-0.14446415901184081,1.0,2.0,0.060895788151817065,0.10518814928860927,0.5626414560174371,-0.1452691960542796,0.2670607723579137
cifar10h,LCE,0.4,"[809, 1191]",352.0,435.0,-0.04059976339340207,1.0,2.0,-0.06506757739464175,0.08828704034920001,0.46112215197337014,-0.23810699678070835,0.10797184199142484
cifar10h,LCE,0.5,"[1029, 971]",361.0,348.0,0.043198421597480705,1.0,2.0,-0.24142885537016312,0.0908208823278753,0.0078536708871558,-0.41943451377694896,-0.06342319696337725
cifar10h,LCE,0.6,"[1230, 770]",485.0,415.0,0.1189984738826751,1.0,2.0,0.01911667773898429,0.09056077173561303,0.8328152817971328,-0.15837917327497011,0.1966125287529387
cifar10h,LCE,0.7,"[1417, 583]",388.0,312.0,0.200228464603424,1.0,2.0,0.0006446705645595241,0.09721714639025957,0.9947090720145084,-0.18989743504010734,0.19118677616922639
cifar10h,LCE,0.8,"[1642, 358]",263.0,201.0,0.30313775837421414,1.0,2.0,-0.14850460594872272,0.12018440857611312,0.21659258463100273,-0.3840617182611512,0.08705250636370579
cifar10h,LCE,0.9,"[1834, 166]",165.0,116.0,0.41261265724897384,1.0,2.0,-0.1059639420840146,0.16521561647627778,0.5212838836076155,-0.4297806000611014,0.2178527158930722
cifar10h,SP,0.1,"[189, 1811]",189.0,1036.0,1.4448165893554693e-05,1.0,2.0,0.101714316474937,0.14629907571444903,0.4868991392133457,-0.18502660289688155,0.38845523584675556
cifar10h,SP,0.2,"[410, 1590]",410.0,799.0,0.00010938644409174001,1.0,2.0,-0.12437345990358539,0.11899317406022457,0.2959235754776003,-0.35759579546773135,0.10884887566056056
cifar10h,SP,0.3,"[590, 1410]",590.0,613.0,0.00037547349929801995,1.0,2.0,-0.252651937348531,0.10613110307731707,0.017286134088301756,-0.46066507701958054,-0.04463879767748141
cifar10h,SP,0.4,"[765, 1235]",765.0,461.0,0.00108816623687738,1.0,2.0,0.12776261694689972,0.1124941683357239,0.25607101328405035,-0.09272190146190526,0.34824713535570473
cifar10h,SP,0.5,"[978, 1022]",978.0,263.0,0.00320360064506525,1.0,2.0,0.01546325268933757,0.1217958105969177,0.8989716900118936,-0.223252149548483,0.25417865492715813
cifar10h,SP,0.6,"[1150, 850]",1150.0,154.0,0.008231031894683773,1.0,2.0,0.026792911445799983,0.1324511895455566,0.8396937926474988,-0.2328066497729791,0.28639247266457907
cifar10h,SP,0.7,"[1377, 623]",59.0,58.0,0.026557499170303284,1.0,2.0,0.24807507803657824,0.24654665486233482,0.31431969615956945,-0.23514748600242502,0.7312976420755815
cifar10h,SP,0.8,"[1603, 397]",153.0,79.0,0.09057604074478157,1.0,2.0,-0.14931860923141937,0.19743130515064988,0.44946536127510417,-0.5362768567474304,0.23763963828459167
cifar10h,SP,0.9,"[1825, 175]",39.0,35.0,0.30918691158294676,1.0,2.0,0.08726300684815191,0.20485103083729228,0.6701204107251204,-0.31423763578884495,0.4887636494851488
cifar10h,OVA,0.1,"[191, 1809]",191.0,347.0,-0.926008392125368,1.0,2.0,-0.043849879340910225,0.1489735377903569,0.768492939062801,-0.33583264805952645,0.248132889377706
cifar10h,OVA,0.2,"[381, 1619]",364.0,261.0,-0.839365328848362,1.0,2.0,0.025766390585590493,0.10857932984335791,0.8124203783592773,-0.18704518537288609,0.23857796654406707
cifar10h,OVA,0.3,"[601, 1399]",138.0,110.0,-0.7145953625440598,1.0,2.0,0.2065496725034639,0.16098301087942654,0.19947364453121252,-0.1089712309430318,0.5220705759499595
cifar10h,OVA,0.4,"[801, 1199]",168.0,137.0,-0.5567300826311111,1.0,2.0,0.07242793737102438,0.14610558105688282,0.6200896622977241,-0.2139337394407635,0.35878961418281224
cifar10h,OVA,0.5,"[995, 1005]",235.0,228.0,-0.33989961445331573,1.0,2.0,0.04410339627470117,0.12730971968069277,0.7290225922123368,-0.20541906918134678,0.2936258617307491
cifar10h,OVA,0.6,"[1215, 785]",198.0,180.0,-0.0974623322486877,1.0,2.0,-0.2789522208252423,0.11800594087395963,0.01808452980321589,-0.5102396148999663,-0.047664826750518335
cifar10h,OVA,0.7,"[1429, 571]",244.0,183.0,0.17161847651004788,1.0,2.0,-0.0607325717803987,0.13005657213135266,0.6405210432158348,-0.31563876911058564,0.19417362554978823
cifar10h,OVA,0.8,"[1605, 395]",79.0,93.0,0.4633018255233767,1.0,2.0,0.044443308487780664,0.2324272699805154,0.8483580687602996,-0.4111057696989972,0.49999238667455853
cifar10h,OVA,0.9,"[1803, 197]",91.0,103.0,0.7214988753199578,1.0,2.0,-0.18526597411813017,0.1996979734864031,0.35354719269825685,-0.5766668099371148,0.20613486170085454
cifar10h,ASM,0.1,"[225, 1775]",225.0,1124.0,-0.9999999999999907,1.0,2.0,0.1953483711198441,0.3396458230375426,0.5651877125154606,-0.47034520953320397,0.8610419517728922
cifar10h,ASM,0.2,"[438, 1562]",438.0,900.0,-0.9999999484102225,1.0,2.0,-0.6690148072816058,0.35628967694569685,0.06041849767737055,-1.3673297421585824,0.029300127595370817
cifar10h,ASM,0.3,"[626, 1374]",626.0,722.0,-0.9999975581026042,1.0,2.0,0.181520338307668,0.16205692737853747,0.2626701674276345,-0.13610540279948846,0.4991460794148245
cifar10h,ASM,0.4,"[838, 1162]",838.0,508.0,-0.999935232844291,1.0,2.0,0.00938923686404397,0.15677673006607998,0.9522438616839859,-0.2978875076794306,0.31666598140751856
cifar10h,ASM,0.5,"[1050, 950]",1050.0,307.0,-0.9981099819706287,1.0,2.0,-0.1720817596861634,0.13011746718884618,0.18599810505497893,-0.4271073091358741,0.08294378976354727
cifar10h,ASM,0.6,"[1239, 761]",1239.0,118.0,-0.9656411483883858,1.0,2.0,-0.06399202336210041,0.1801972183171942,0.7224980843875397,-0.4171720813781024,0.2891880346539016
cifar10h,ASM,0.7,"[1393, 607]",47.0,40.0,-0.6571557953953744,1.0,2.0,0.09045705508860635,0.25281906418030997,0.7204977449900014,-0.4050592053099216,0.5859733154871343
cifar10h,ASM,0.8,"[1584, 416]",28.0,40.0,0.5028311669826508,1.0,2.0,0.618490491492089,0.34538946339431587,0.07334071552765449,-0.058460417400385434,1.2954414003845636
cifar10h,ASM,0.9,"[1814, 186]",153.0,186.0,0.9737779607065022,1.0,2.0,-0.0007158005361670439,0.23730111023275888,0.9975932462778261,-0.4658174300837437,0.4643858290114096
galaxyzoo,RS,0.1,"[213, 1787]",213.0,1126.0,-0.9999999991653483,1.0,2.0,0.024921533929353645,0.2700173325304744,0.9264628245443896,-0.5043027130319517,0.5541457808906589
galaxyzoo,RS,0.2,"[419, 1581]",419.0,922.0,-0.9999999805274132,1.0,2.0,0.06671702068372776,0.1435312695744837,0.6420562926451606,-0.21459909833756996,0.3480331397050255
galaxyzoo,RS,0.3,"[642, 1358]",642.0,704.0,-0.9999995312139092,1.0,2.0,0.015584562460179141,0.13451420822465043,0.907764992323094,-0.24805844106905722,0.2792275659894155
galaxyzoo,RS,0.4,"[786, 1214]",786.0,554.0,-0.9999974061961666,1.0,2.0,0.14871297050250637,0.16550660795257904,0.3689020347202503,-0.17567402028793905,0.4730999612929518
galaxyzoo,RS,0.5,"[994, 1006]",994.0,339.0,-0.9999820311077201,1.0,2.0,-0.17036404075827094,0.13676993978724952,0.2129021413072697,-0.43842819690899176,0.09770011539244988
galaxyzoo,RS,0.6,"[1225, 775]",1225.0,134.0,-0.9998068380256883,1.0,2.0,-0.21624212257709163,0.1402374246315339,0.12308050108669764,-0.49110242413954835,0.05861817898536509
galaxyzoo,RS,0.7,"[1445, 555]",41.0,27.0,-0.9986321174248587,1.0,2.0,0.34249098685029344,0.33928261576856505,0.31275583122715434,-0.32249072063663553,1.0074726943372223
galaxyzoo,RS,0.8,"[1619, 381]",79.0,37.0,-0.9899120718240737,1.0,2.0,-0.12225701580843662,0.3052181419528898,0.6887469066335618,-0.7204735814643344,0.47595954984746114
galaxyzoo,RS,0.9,,,,,,,,,,,
galaxyzoo,CC,0.1,"[222, 1778]",157.0,1394.0,-0.0029137551784514594,1.0,2.0,-0.04004499155910679,0.06086901780487449,0.5106101530456953,-0.1593460742309881,0.07925609111277451
galaxyzoo,CC,0.2,"[409, 1591]",329.0,1196.0,-0.00028685331344604,1.0,2.0,0.01914473477772255,0.03913849090015422,0.6247329374722904,-0.05756529779582836,0.09585476735127346
galaxyzoo,CC,0.3,"[613, 1387]",545.0,1007.0,-3.0362606048583997e-05,1.0,2.0,0.011855031093137236,0.03111100016723779,0.7031617477111778,-0.049121408757668426,0.0728314709439429
galaxyzoo,CC,0.4,"[793, 1207]",726.0,833.0,-4.76837158203125e-07,1.0,2.0,0.02262778398066878,0.029675126647350572,0.44575159264881115,-0.03553439548480318,0.08078996344614074
galaxyzoo,CC,0.5,"[1037, 963]",975.0,603.0,2.2649765014648438e-05,1.0,2.0,0.01327581402754291,0.032124628459469826,0.6794163592469142,-0.049687300769748394,0.07623892882483421
galaxyzoo,CC,0.6,"[1236, 764]",1175.0,411.0,0.0008614063262938993,1.0,2.0,-0.0060453387633546685,0.039019730694439834,0.8768762624509143,-0.08252260561090882,0.07043192808419949
galaxyzoo,CC,0.7,"[1432, 568]",1368.0,229.0,0.006993025541305526,1.0,2.0,0.044445458099950375,0.06458586099488965,0.4913515230999117,-0.0821405033605436,0.17103141956044435
galaxyzoo,CC,0.8,"[1618, 382]",1536.0,121.0,0.04065734148025507,1.0,2.0,0.0740405705449505,0.1262621090480499,0.5576042444873889,-0.1734286158012962,0.3215097568911972
galaxyzoo,CC,0.9,"[1781, 219]",1645.0,119.0,0.15386456251144415,1.0,2.0,-0.06974923702497049,0.1498126529094747,0.6415187321108659,-0.36337664115594065,0.22387816710599967
galaxyzoo,DT,0.1,"[194, 1806]",40.0,48.0,0.377970656,1.0,2.0,0.06407669695440621,0.3030976218912271,0.8325703694198067,-0.5299837257521379,0.6581371196609503
galaxyzoo,DT,0.2,"[397, 1603]",49.0,78.0,0.9163379960000001,1.0,2.0,-0.1355179647719107,0.2775644849481575,0.6253801594720443,-0.6795343586577093,0.4084984291138879
galaxyzoo,DT,0.3,"[583, 1417]",26.0,39.0,0.9908463000000001,1.0,2.0,0.293480319611812,0.3631768350485738,0.4190375835831993,-0.4183331971026366,1.0052938363262607
galaxyzoo,DT,0.4,"[788, 1212]",155.0,1212.0,0.998690406,1.0,2.0,-0.10916027290302421,0.14224915081076303,0.4428509381326937,-0.38796348532352637,0.16964293951747794
galaxyzoo,DT,0.5,"[1003, 997]",370.0,997.0,0.9998073000000001,1.0,2.0,0.0670658868755345,0.12852810997879432,0.6018100280390002,-0.1848445796839055,0.3189763534349745
galaxyzoo,DT,0.6,"[1228, 772]",593.0,772.0,0.9999776380000001,1.0,2.0,-0.11687590182957497,0.1527861104332193,0.4442928740896509,-0.4163311756166442,0.18257937195749424
galaxyzoo,DT,0.7,"[1403, 597]",772.0,597.0,0.9999975,1.0,2.0,0.01891012152748106,0.1205515088208672,0.8753524923341944,-0.2173664940433813,0.2551867370983434
galaxyzoo,DT,0.8,,,,,,,,,,,
galaxyzoo,DT,0.9,,,,,,,,,,,
galaxyzoo,LCE,0.1,"[192, 1808]",134.0,298.0,-0.11434134840965264,1.0,2.0,-0.26959048546965847,0.12399278456609772,0.029686865453823198,-0.5126118775620438,-0.026569093377273062
galaxyzoo,LCE,0.2,"[369, 1631]",264.0,503.0,-0.09192587733268734,1.0,2.0,0.040440568074337824,0.10015996058719305,0.6863893427003297,-0.15586934736951183,0.23675048351818748
galaxyzoo,LCE,0.3,"[563, 1437]",383.0,579.0,-0.07450358867645258,1.0,2.0,-0.1128726027953435,0.08062046015195615,0.16149861529745235,-0.2708858011102241,0.04514059551953711
galaxyzoo,LCE,0.4,"[761, 1239]",437.0,473.0,-0.06087319850921626,1.0,2.0,0.0771884601244055,0.08117798094393439,0.34167816910796467,-0.08191745886338472,0.23629437911219572
galaxyzoo,LCE,0.5,"[994, 1006]",722.0,598.0,-0.0451071411371231,1.0,2.0,0.0661258476123332,0.06604539529850366,0.31672136011733254,-0.06332074851744499,0.19557244374211138
galaxyzoo,LCE,0.6,"[1167, 833]",384.0,308.0,-0.030537909269332822,1.0,2.0,-0.22619764600150427,0.09552668496875837,0.0178893660518144,-0.41342650810277437,-0.038968783900234144
galaxyzoo,LCE,0.7,"[1385, 615]",634.0,354.0,-0.011585173010826054,1.0,2.0,0.24977915586941934,0.07642567895874189,0.0010821007651983002,0.09998757761626462,0.39957073412257404
galaxyzoo,LCE,0.8,"[1602, 398]",605.0,289.0,0.015032535791397033,1.0,2.0,-0.15535212705937496,0.09007212069632148,0.08457206185293722,-0.33189023963530984,0.021185985516559952
galaxyzoo,LCE,0.9,"[1814, 186]",488.0,149.0,0.05550862252712244,1.0,2.0,0.0938864375157501,0.10560338802092886,0.3739775044353646,-0.11309239965067905,0.3008652746821793
galaxyzoo,SP,0.1,,,,,,,,,,,
galaxyzoo,SP,0.2,,,,,,,,,,,
galaxyzoo,SP,0.3,,,,,,,,,,,
galaxyzoo,SP,0.4,,,,,,,,,,,
galaxyzoo,SP,0.5,"[1042, 958]",1042.0,358.0,1.0728836059570312e-06,1.0,2.0,0.010482684248356133,0.19899223366943558,0.9579877819898053,-0.3795349269469163,0.4005002954436286
galaxyzoo,SP,0.6,"[1227, 773]",1227.0,173.0,1.1301040649414057e-05,1.0,2.0,-0.014746549106115725,0.15225205394914562,0.9228406253044389,-0.31315509141869047,0.283661993206459
galaxyzoo,SP,0.7,"[1417, 583]",50.0,32.0,0.0001534700393676699,1.0,2.0,0.15781762350896544,0.3052340686020147,0.605129606930283,-0.44043015780561146,0.7560654048235423
galaxyzoo,SP,0.8,"[1622, 378]",67.0,25.0,0.002360665798187241,1.0,2.0,0.4554369727851679,0.2838354485624728,0.10858604174334938,-0.10087028393304975,1.0117442295033856
galaxyzoo,SP,0.9,"[1790, 210]",16.0,16.0,0.058294177055358894,1.0,2.0,-1.0166025580803668,0.34396111440891225,0.0031208772812201706,-1.6907539544040957,-0.3424511617566378
galaxyzoo,OVA,0.1,"[227, 1773]",227.0,930.0,-0.9997574734508816,1.0,2.0,0.00015040198340343647,0.1357559422309265,0.9991160357775078,-0.26592635547651267,0.26622715944331954
galaxyzoo,OVA,0.2,"[409, 1591]",409.0,741.0,-0.997820094274357,1.0,2.0,0.06925367370302149,0.141412576827257,0.6243265093108898,-0.20790988383940567,0.34641723124544865
galaxyzoo,OVA,0.3,"[640, 1360]",640.0,505.0,-0.9878458368126303,1.0,2.0,0.021717419648985214,0.1118329612671089,0.8460230735982618,-0.19747115671901108,0.2409059960169815
galaxyzoo,OVA,0.4,"[827, 1173]",827.0,333.0,-0.9596069809049367,1.0,2.0,0.03539192663913737,0.12503735173579966,0.7771378700324386,-0.20967677948529678,0.2804606327635715
galaxyzoo,OVA,0.5,"[1035, 965]",1035.0,165.0,-0.8835098836570978,1.0,2.0,0.10757054687681133,0.13297486203970116,0.4185416046850158,-0.15305539357018533,0.368196487323808
galaxyzoo,OVA,0.6,"[1242, 758]",80.0,81.0,-0.6275412440299988,1.0,2.0,0.2722058553839314,0.20577955097473494,0.18590082170475708,-0.13111465328137328,0.675526364049236
galaxyzoo,OVA,0.7,"[1427, 573]",65.0,55.0,-0.1809771984815598,1.0,2.0,0.3793794139815938,0.21983497212311587,0.08439304465803406,-0.05148921392208006,0.8102480418852677
galaxyzoo,OVA,0.8,"[1600, 400]",42.0,64.0,0.39731629490852394,1.0,2.0,0.4360123395626776,0.30941876634105153,0.15879570595367853,-0.17043729860659773,1.042461977731953
galaxyzoo,OVA,0.9,"[1794, 206]",71.0,206.0,0.8623336479067802,1.0,2.0,-0.173966206723014,0.22584724909053971,0.4411322742810181,-0.6166186809479184,0.26868626750189034
galaxyzoo,ASM,0.1,"[226, 1774]",226.0,322.0,-0.9974204249563627,1.0,2.0,-0.00962236653694093,0.20796864346461194,0.9630963632069522,-0.4172334176412316,0.39798868456734976
galaxyzoo,ASM,0.2,"[396, 1604]",396.0,165.0,-0.9606230329722166,1.0,2.0,0.30879161101222785,0.13950199598134774,0.02686124683786025,0.035372723117334914,0.5822104989071208
galaxyzoo,ASM,0.3,"[578, 1422]",79.0,79.0,-0.8124986462295055,1.0,2.0,0.18793891392867745,0.22363321033222308,0.4006902546930111,-0.2503741240695505,0.6262519519269054
galaxyzoo,ASM,0.4,"[817, 1183]",139.0,127.0,-0.5328259855508802,1.0,2.0,-0.28625726072651314,0.1756817801324065,0.10322672124606223,-0.6305872225259144,0.05807270107288803
galaxyzoo,ASM,0.5,"[981, 1019]",154.0,308.0,-0.32546211779117584,1.0,2.0,0.19766007963343146,0.13229283157534108,0.13514679749832442,-0.06162910566706031,0.45694926493392324
galaxyzoo,ASM,0.6,"[1170, 830]",260.0,440.0,-0.1942276835441589,1.0,2.0,-0.1235112678965905,0.09486410593654074,0.19292286496589195,-0.3094414989578027,0.06241896316462167
galaxyzoo,ASM,0.7,"[1357, 643]",449.0,368.0,-0.10810696482658387,1.0,2.0,-0.0036254891512945697,0.07815209230970187,0.9629992681908981,-0.15680077539475995,0.1495497970921708
galaxyzoo,ASM,0.8,"[1588, 412]",507.0,164.0,0.0035743117332458114,1.0,2.0,-0.08546506150516464,0.10179556306302262,0.40114643672379147,-0.2849806988946648,0.11405057588433554
galaxyzoo,ASM,0.9,"[1793, 207]",62.0,61.0,0.3781559199094776,1.0,2.0,0.36007366390932294,0.25281819919326676,0.15437715609039857,-0.13544090114575325,0.8555882289643991
xray-airspace,RS,0.1,"[130, 723]",69.0,92.0,-0.1420764923095703,1.0,2.0,0.011961442640265108,0.20979665800707867,0.954533678460565,-0.39923245113047584,0.42315533641100606
xray-airspace,RS,0.2,"[228, 625]",105.0,76.0,0.0265085697174072,1.0,2.0,0.3149148589031452,0.1770483253163624,0.07528988323222933,-0.03209348224005615,0.6619232000463465
xray-airspace,RS,0.3,"[302, 551]",67.0,136.0,0.2090739011764526,1.0,2.0,-0.18088936268135147,0.263897637944772,0.4930582645422267,-0.6981192286582953,0.3363405032955924
xray-airspace,RS,0.4,"[375, 478]",61.0,326.0,0.349076896905899,1.0,2.0,-0.2239446638487882,0.1737182993382024,0.19735451103167645,-0.5644262740072132,0.11653694630963685
xray-airspace,RS,0.5,"[467, 386]",141.0,317.0,0.3857920169830322,1.0,2.0,-0.07165050640789772,0.11021392114722234,0.5156250725051821,-0.28766582245139094,0.1443648096355955
xray-airspace,RS,0.6,"[550, 303]",211.0,265.0,0.4080593287944793,1.0,2.0,0.04741281254656515,0.11545217103455177,0.6813140863882039,-0.17886928461811474,0.27369490971124505
xray-airspace,RS,0.7,"[631, 222]",283.0,200.0,0.4298747181892395,1.0,2.0,0.07665111507211797,0.10998239523222093,0.4858404316474837,-0.1389104185164848,0.2922126486607207
xray-airspace,RS,0.8,"[700, 153]",297.0,134.0,0.4526876509189605,1.0,2.0,-0.08055882562377747,0.12053365491649741,0.5039093707236486,-0.3168004481850916,0.15568279693753667
xray-airspace,RS,0.9,"[769, 84]",317.0,78.0,0.4824935495853424,1.0,2.0,0.04855498088349097,0.14401152420464874,0.7359959991527321,-0.23370241991633883,0.3308123816833208
xray-airspace,CC,0.1,"[142, 711]",49.0,36.0,-0.0084655284881591,1.0,2.0,0.3900661296566479,0.32249299067118375,0.22645788473767692,-0.2420085173254839,1.0221407766387798
xray-airspace,CC,0.2,"[218, 635]",45.0,60.0,0.0328242182731628,1.0,2.0,0.5340514664800772,0.2985634355501665,0.07365717985552268,-0.05112211429879476,1.1192250472589491
xray-airspace,CC,0.3,"[298, 555]",80.0,66.0,0.0587040185928344,1.0,2.0,-0.3368648372111237,0.20045871642151292,0.0928659278015488,-0.7297567017844169,0.056027027362169524
xray-airspace,CC,0.4,"[365, 488]",125.0,102.0,0.0843329429626464,1.0,2.0,-0.2744861403997132,0.17176957598152903,0.11004510458084536,-0.6111483229632264,0.062176042163800016
xray-airspace,CC,0.5,"[438, 415]",103.0,102.0,0.1155322790145874,1.0,2.0,0.18415983889420584,0.1781164388245269,0.30116912705077403,-0.16494196625639868,0.5332616440448104
xray-airspace,CC,0.6,"[526, 327]",135.0,104.0,0.1535077095031738,1.0,2.0,-0.02549902852276653,0.1717585209318004,0.8819808610027278,-0.3621395435869643,0.31114148654143126
xray-airspace,CC,0.7,"[580, 273]",107.0,108.0,0.1882385611534118,1.0,2.0,0.05680815905473735,0.17705662462586602,0.7483260308303712,-0.29021644843618766,0.40383276654566236
xray-airspace,CC,0.8,"[672, 181]",57.0,64.0,0.2369199991226196,1.0,2.0,0.2956011680134779,0.27384881730647753,0.280395206044981,-0.24113265111610716,0.832334987143063
xray-airspace,CC,0.9,"[748, 105]",74.0,54.0,0.2775331735610962,1.0,2.0,0.34152935972364507,0.2680327227484198,0.2025898163303751,-0.1838051235414675,0.8668638429887576
xray-airspace,DT,0.1,"[64, 789]",50.0,93.0,0.82864445,1.0,2.0,-0.05293811852485686,0.2573504228663524,0.8370218086145582,-0.5573356787490608,0.45145944169934704
xray-airspace,DT,0.2,"[135, 718]",86.0,121.0,0.84120196,1.0,2.0,-0.042210619079838585,0.17161357358500534,0.8057107405906648,-0.37856704256466345,0.2941458044049863
xray-airspace,DT,0.3,"[217, 636]",148.0,166.0,0.85257757,1.0,2.0,-0.01726680462723995,0.1501308424087915,0.9084358418891977,-0.31151784871712984,0.27698423946264994
xray-airspace,DT,0.4,"[304, 549]",105.0,104.0,0.8638274,1.0,2.0,0.20720682272730206,0.17849480611497087,0.24570033711153094,-0.14263656868550068,0.5570502141401048
xray-airspace,DT,0.5,"[391, 462]",195.0,166.0,0.8762124,1.0,2.0,-0.052636697994777215,0.14053803633130177,0.7080048159275958,-0.3280861876621103,0.22281279167255585
xray-airspace,DT,0.6,"[515, 338]",156.0,99.0,0.8947042,1.0,2.0,0.12406611462528183,0.16556317278123023,0.4536413614967083,-0.2004317411921116,0.44856397044267526
xray-airspace,DT,0.7,"[638, 215]",146.0,87.0,0.9227283,1.0,2.0,-0.20448478266868542,0.17190416624580784,0.23423204276566933,-0.5414107573028548,0.13244119196548398
xray-airspace,DT,0.8,"[729, 124]",37.0,32.0,0.9549166,1.0,2.0,-0.15622452279556454,0.28802646034108986,0.5875454409621944,-0.7207460116586549,0.40829696606752586
xray-airspace,DT,0.9,"[792, 61]",33.0,40.0,0.97765917,1.0,2.0,-0.08501974762798481,0.32279789650270463,0.7922547493592623,-0.7176919990585737,0.5476525038026041
xray-airspace,LCE,0.1,"[130, 723]",63.0,64.0,-0.0029285252094268,1.0,2.0,-0.009258598967286757,0.20469819920519472,0.9639235950522951,-0.41045969710967395,0.39194249917510043
xray-airspace,LCE,0.2,"[216, 637]",83.0,303.0,0.017649620771408,1.0,2.0,-0.18565295354910694,0.1849737465276512,0.3155367806948369,-0.5481948348287442,0.17688892773053028
xray-airspace,LCE,0.3,"[297, 556]",121.0,325.0,0.0270006656646728,1.0,2.0,0.30851466429148133,0.11723788264753589,0.008500208992043052,0.07873263667857763,0.538296691904385
xray-airspace,LCE,0.4,"[375, 478]",153.0,226.0,0.0310539007186889,1.0,2.0,-0.22891724102699995,0.10624316409661841,0.03118893284261326,-0.437150016259951,-0.020684465794048923
xray-airspace,LCE,0.5,"[466, 387]",253.0,185.0,0.0349332988262176,1.0,2.0,-0.046673606469774476,0.10239634983600142,0.6485243211649425,-0.24736676429670112,0.15401955135715217
xray-airspace,LCE,0.6,"[521, 332]",308.0,148.0,0.0380072295665741,1.0,2.0,0.02591987047504196,0.1024320246157256,0.8002337502765969,-0.1748432086353005,0.22668294958538443
xray-airspace,LCE,0.7,"[591, 262]",415.0,119.0,0.0426751673221588,1.0,2.0,0.044562677416530194,0.11528607688793543,0.6990968020213906,-0.18139388120273878,0.2705192360357992
xray-airspace,LCE,0.8,"[661, 192]",400.0,73.0,0.0562528073787689,1.0,2.0,-0.019071543915784472,0.18969287476937924,0.9199163720191736,-0.3908627465876345,0.35271965875606553
xray-airspace,LCE,0.9,"[753, 100]",45.0,44.0,0.0992759466171264,1.0,2.0,-0.25159728332679887,0.301082862398769,0.40335671082388436,-0.841708849990615,0.3385142833370173
xray-airspace,SP,0.1,"[110, 743]",110.0,151.0,0.0373187661170959,1.0,2.0,-0.05532456079931214,0.16106890766127896,0.7312345245216071,-0.3710138188446265,0.2603646972460022
xray-airspace,SP,0.2,"[194, 659]",169.0,125.0,0.0605698227882385,1.0,2.0,0.09401934700811787,0.1698812951501646,0.5799611758154318,-0.23894187313322368,0.4269805671494594
xray-airspace,SP,0.3,"[271, 582]",142.0,110.0,0.0854960083961486,1.0,2.0,0.12440708791995192,0.16737321444286668,0.4573052155412146,-0.203638384364766,0.45245256020466984
xray-airspace,SP,0.4,"[368, 485]",75.0,60.0,0.1209648251533508,1.0,2.0,0.38063726849801705,0.2103876823923258,0.07041707840750723,-0.0317150117817932,0.7929895487778273
xray-airspace,SP,0.5,"[451, 402]",95.0,83.0,0.1607168912887573,1.0,2.0,0.02100228281764005,0.1963870227625135,0.9148339353461703,-0.3639092088279342,0.4059137744632143
xray-airspace,SP,0.6,"[530, 323]",190.0,116.0,0.2031499147415161,1.0,2.0,0.1956984934959981,0.15228012371358562,0.19874975501144398,-0.10276506454393353,0.49416205153592974
xray-airspace,SP,0.7,"[612, 241]",113.0,88.0,0.2713768482208252,1.0,2.0,-0.1402738513611086,0.1765709704424584,0.42694324896019464,-0.4863465941436135,0.2057988914213963
xray-airspace,SP,0.8,"[683, 170]",52.0,50.0,0.3329068422317505,1.0,2.0,0.5033568420815492,0.2598420501988935,0.052725216205510746,-0.005924217977330892,1.0126379021404293
xray-airspace,SP,0.9,"[770, 83]",39.0,34.0,0.4187541007995605,1.0,2.0,-0.4788084319097454,0.28262686112815544,0.09023938109513627,-1.0327469007845336,0.07513003696504261
xray-airspace,OVA,0.1,"[142, 711]",54.0,45.0,-0.2204168736934662,1.0,2.0,0.04499569105887047,0.2635679447190927,0.8644458109594848,-0.47158798806979507,0.561579370187536
xray-airspace,OVA,0.2,"[226, 627]",91.0,85.0,-0.0285612642765045,1.0,2.0,0.2150147600819814,0.21510139202716452,0.31750545421486576,-0.2065762213156922,0.636605741479655
xray-airspace,OVA,0.3,"[301, 552]",57.0,153.0,0.1591194570064544,1.0,2.0,0.1279826004272302,0.2242713585068503,0.5682304194260575,-0.31158118501006704,0.5675463858645274
xray-airspace,OVA,0.4,"[360, 493]",69.0,228.0,0.2387339770793914,1.0,2.0,0.2250260838494499,0.17701731208614874,0.2036541377155967,-0.12192147247948848,0.5719736401783883
xray-airspace,OVA,0.5,"[453, 400]",135.0,267.0,0.2971284985542297,1.0,2.0,0.04701708500797719,0.13543248048460427,0.7284692054681643,-0.2184256990787709,0.3124598690947253
xray-airspace,OVA,0.6,"[538, 315]",170.0,209.0,0.3292311728000641,1.0,2.0,0.03714452950673275,0.141454597112284,0.7928667891408497,-0.24010138628096744,0.31439044529443294
xray-airspace,OVA,0.7,"[610, 243]",206.0,183.0,0.3596782088279724,1.0,2.0,-0.06540063045335298,0.13255830871369495,0.6217493761659088,-0.3252101413837371,0.19440888047703114
xray-airspace,OVA,0.8,"[709, 144]",264.0,123.0,0.3958202302455902,1.0,2.0,-0.19443335416499297,0.12884997775438561,0.13130128628645452,-0.4469746699723759,0.05810796164238996
xray-airspace,OVA,0.9,"[791, 62]",158.0,53.0,0.4468986392021179,1.0,2.0,0.298520346197351,0.21057074364852083,0.15628641129915277,-0.11419072755156612,0.7112314199462682
xray-airspace,ASM,0.1,"[101, 752]",28.0,39.0,0.9998228858748917,1.0,2.0,0.08310155077351078,0.3233075850254084,0.7971513111228598,-0.550569671804911,0.7167727733519326
xray-airspace,ASM,0.2,"[181, 672]",22.0,47.0,0.9999180443592196,1.0,2.0,0.033611035276116086,0.32245065342757084,0.9169818959706715,-0.5983806322333297,0.6656027027855619
xray-airspace,ASM,0.3,"[292, 561]",24.0,34.0,0.999978104632646,1.0,2.0,-0.45692483234839265,0.31757426929944677,0.15020811231241354,-1.0793589625919324,0.16550929789514723
xray-airspace,ASM,0.4,"[391, 462]",92.0,462.0,0.999996237786263,1.0,2.0,-0.10707715213053026,0.24756594329001094,0.665363723872088,-0.5922974847776372,0.37814318051657664
xray-airspace,ASM,0.5,"[468, 385]",164.0,385.0,0.9999995493882352,1.0,2.0,-0.05943793936624142,0.26926962891320194,0.8252967305912613,-0.5871967141665825,0.46832083543409964
xray-airspace,ASM,0.6,"[558, 295]",252.0,295.0,0.9999999961316272,1.0,2.0,0.039127851886399445,0.45030222321637564,0.9307570212009435,-0.843448287776013,0.9217039915488119
xray-airspace,ASM,0.7,"[641, 212]",334.0,212.0,0.9999999999970858,1.0,2.0,-0.3210040157177209,0.4544097740540355,0.4799271741547314,-1.211630807086614,0.5696227756511723
xray-airspace,ASM,0.8,,,,,,,,,,,
xray-airspace,ASM,0.9,,,,,,,,,,,
hatespeech,RS,0.1,"[543, 4413]",543.0,1048.0,-0.9687454428523778,1.0,2.0,0.06784579736728802,0.0754891311686624,0.36878625627325023,-0.08011018094751032,0.21580177568208636
hatespeech,RS,0.2,"[1053, 3903]",991.0,830.0,-0.9435290329158307,1.0,2.0,-0.1453207167133016,0.06535881941510424,0.02618686311856051,-0.27342164883896314,-0.017219784587640036
hatespeech,RS,0.3,"[1485, 3471]",615.0,489.0,-0.9196972474455833,1.0,2.0,-0.039202589878257976,0.08268770277979177,0.6354255804223781,-0.20126750929100237,0.12286232953448642
hatespeech,RS,0.4,"[1965, 2991]",621.0,461.0,-0.8880135536193847,1.0,2.0,0.04267653120554993,0.07828632043240769,0.585661393434207,-0.11076183732413128,0.19611489973523114
hatespeech,RS,0.5,"[2453, 2503]",550.0,377.0,-0.8450928740203381,1.0,2.0,0.15055500342128592,0.08322483135859003,0.0704486074772127,-0.01256266866097025,0.31367267550354205
hatespeech,RS,0.6,"[2954, 2002]",487.0,327.0,-0.7799671083688736,1.0,2.0,-0.06036379675820236,0.09081487259322929,0.5062483749015252,-0.23835767630152538,0.11763008278512066
hatespeech,RS,0.7,"[3464, 1492]",491.0,355.0,-0.6791130032390357,1.0,2.0,-0.020327995817793654,0.08352039264404221,0.8077035916419019,-0.18402495737476043,0.14336896573917313
hatespeech,RS,0.8,"[3985, 971]",828.0,572.0,-0.5271489858627317,1.0,2.0,0.03332492246282914,0.07714987649707256,0.6657774397735252,-0.11788605688314624,0.18453590180880453
hatespeech,RS,0.9,"[4455, 501]",403.0,303.0,-0.3549231037497519,1.0,2.0,-0.01443769672041828,0.10021741898998657,0.8854501331116633,-0.21086022856435244,0.18198483512351588
hatespeech,CC,0.1,"[529, 4427]",381.0,1533.0,-0.11632362604141228,1.0,2.0,0.0020753011503242824,0.07181686617797171,0.9769466364593005,-0.138683170041033,0.14283377234168157
hatespeech,CC,0.2,"[1063, 3893]",808.0,2277.0,-0.07892855405807489,1.0,2.0,0.023455710323957102,0.0461172709574807,0.6110255399794009,-0.06693247981798009,0.1138439004658943
hatespeech,CC,0.3,"[1533, 3423]",1079.0,1919.0,-0.061127024888992305,1.0,2.0,-0.06629357406180636,0.04368328006706698,0.12911625874107158,-0.15191122971983406,0.019324081596221357
hatespeech,CC,0.4,"[2069, 2887]",1631.0,1674.0,-0.045432758331298784,1.0,2.0,-0.010547728997534533,0.03627433083833093,0.7712221321315604,-0.08164411100395379,0.06054865300888472
hatespeech,CC,0.5,"[2512, 2444]",1942.0,1296.0,-0.0338579714298248,1.0,2.0,0.03895143430358328,0.035789904236263846,0.2764468886601217,-0.031195489009631372,0.10909835761679793
hatespeech,CC,0.6,"[3029, 1927]",2365.0,872.0,-0.01976891756057736,1.0,2.0,0.019472869785616354,0.04007155854113757,0.6270009196692528,-0.05906594175940168,0.09801168133063438
hatespeech,CC,0.7,"[3528, 1428]",2916.0,640.0,0.008305579423904379,1.0,2.0,-0.03676480924589265,0.052466735538586974,0.4834739850985875,-0.13959772128791081,0.06606810279612553
hatespeech,CC,0.8,"[3929, 1027]",1904.0,452.0,0.06796458959579464,1.0,2.0,-0.02411566007957755,0.07342100309252089,0.742565969516735,-0.16801818184972242,0.11978686169056732
hatespeech,CC,0.9,"[4459, 497]",353.0,272.0,0.20813103914260864,1.0,2.0,-0.14591768104290537,0.10602354349561015,0.16873613409191635,-0.35372000780761714,0.061884645721806436
hatespeech,DT,0.1,"[461, 4495]",283.0,773.0,0.769813668,1.0,2.0,0.04026426358453705,0.08768517454656322,0.6460968443032231,-0.1315955205048351,0.21212404767390922
hatespeech,DT,0.2,"[993, 3963]",390.0,595.0,0.834589196,1.0,2.0,0.03930192638493524,0.087324746172974,0.6526626273515326,-0.13185143107319572,0.2104552838430662
hatespeech,DT,0.3,"[1479, 3477]",480.0,796.0,0.871586167,1.0,2.0,-0.01585954889769614,0.06956909537388957,0.8196708791010394,-0.15221247026755177,0.1204933724721595
hatespeech,DT,0.4,"[2011, 2945]",670.0,1015.0,0.897048876,1.0,2.0,0.026001455612877367,0.06553500680568829,0.6915468548690911,-0.102444797452859,0.15444770867861374
hatespeech,DT,0.5,"[2535, 2421]",559.0,719.0,0.916194565,1.0,2.0,-0.16481244562751685,0.06563432520630122,0.012036551155308873,-0.29345335918145665,-0.03617153207357701
hatespeech,DT,0.6,"[3044, 1912]",611.0,748.0,0.9314066200000001,1.0,2.0,-0.041733727326247916,0.07129929832781365,0.5583248185414451,-0.18147778417173957,0.09801032951924374
hatespeech,DT,0.7,"[3519, 1437]",636.0,695.0,0.9439655,1.0,2.0,-0.054294977727629146,0.06577521482841658,0.4091090257718122,-0.18321202986671056,0.07462207441145227
hatespeech,DT,0.8,"[3989, 967]",491.0,468.0,0.955533796,1.0,2.0,0.009973238549806585,0.0877255219588187,0.9094860344568815,-0.16196562501445574,0.1819121021140689
hatespeech,DT,0.9,"[4491, 465]",411.0,274.0,0.968467392,1.0,2.0,-0.2647145988519365,0.0972711714178293,0.006500436555266794,-0.45536259156490383,-0.07406660613896915
hatespeech,LCE,0.1,"[485, 4471]",313.0,803.0,-0.23877479732036588,1.0,2.0,-0.0435066674522574,0.08201505105649345,0.5957848924511275,-0.20425321371319827,0.11723987880868347
hatespeech,LCE,0.2,"[1003, 3953]",691.0,1153.0,-0.16906768083572382,1.0,2.0,0.08105761734521733,0.05769241477073052,0.16002244008745115,-0.03201743778656113,0.19413267247699578
hatespeech,LCE,0.3,"[1497, 3459]",1059.0,1436.0,-0.12239947915077204,1.0,2.0,-0.02198228986522055,0.05129759595528195,0.6682691127946924,-0.12252373043106073,0.07855915070061963
hatespeech,LCE,0.4,"[1934, 3022]",1192.0,1362.0,-0.08223326206207271,1.0,2.0,-0.0035292766975181245,0.04903056288639272,0.9426169026289598,-0.0996274140965741,0.09256886070153784
hatespeech,LCE,0.5,"[2441, 2515]",1655.0,1584.0,-0.039533838629722554,1.0,2.0,0.07672839817326971,0.04394027255669563,0.08077662294550754,-0.009392953508727445,0.16284974985526685
hatespeech,LCE,0.6,"[2920, 2036]",1594.0,1274.0,0.000924450159072807,1.0,2.0,0.01895536512876106,0.04826233057143091,0.694499013209301,-0.07563706460120993,0.11354779485873205
hatespeech,LCE,0.7,"[3444, 1512]",1192.0,862.0,0.052469712495803775,1.0,2.0,-0.015354822921316513,0.05569176349705158,0.7827701687499116,-0.12450867361106006,0.09379902776842704
hatespeech,LCE,0.8,"[3976, 980]",1403.0,712.0,0.10970733761787409,1.0,2.0,-0.009209658663441478,0.055913505514966516,0.8691702019657941,-0.11879811572215754,0.10037879839527458
hatespeech,LCE,0.9,"[4437, 519]",600.0,338.0,0.18470869064331055,1.0,2.0,-0.02770795780062585,0.09323910073173354,0.7663359527986464,-0.21045323718572578,0.15503732158447409
hatespeech,SP,0.1,"[517, 4439]",517.0,1661.0,0.00498484969139095,1.0,2.0,0.04841931504078767,0.07245351470825882,0.5039541707053089,-0.0935869643407427,0.19042559442231805
hatespeech,SP,0.2,"[1061, 3895]",1061.0,1169.0,0.01098856925964348,1.0,2.0,-0.09073984364162668,0.0608289058375196,0.13577192470443206,-0.20996230830214335,0.028482621018889986
hatespeech,SP,0.3,"[1531, 3425]",1531.0,871.0,0.01808713078498834,1.0,2.0,0.01000353927704789,0.06104344375977864,0.8698289686753606,-0.10963941198441454,0.12964649053851032
hatespeech,SP,0.4,"[2012, 2944]",1370.0,595.0,0.02846648693084712,1.0,2.0,-0.010267150261370817,0.06981360687506033,0.8830805778508722,-0.14709930536732696,0.12656500484458533
hatespeech,SP,0.5,"[2504, 2452]",568.0,376.0,0.0455658137798309,1.0,2.0,0.007589079504068397,0.08877628488753904,0.9318754727220507,-0.1664092415567756,0.1815874005649124
hatespeech,SP,0.6,"[2985, 1971]",503.0,260.0,0.07267370223999019,1.0,2.0,-0.05574818025512018,0.10307633630405318,0.5886153649646497,-0.25777408706940286,0.14627772655916252
hatespeech,SP,0.7,"[3451, 1505]",628.0,366.0,0.12619364857673637,1.0,2.0,0.019422463986327965,0.09023777110308308,0.8295829178698091,-0.1574403174208841,0.19628524539354003
hatespeech,SP,0.8,"[3937, 1019]",346.0,289.0,0.22092926502227797,1.0,2.0,-0.039268387279943195,0.1044932052528727,0.707066720924256,-0.24407130620472528,0.1655345316448389
hatespeech,SP,0.9,"[4446, 510]",205.0,186.0,0.3624410808086396,1.0,2.0,-0.1007885911686085,0.12869000251322563,0.43351614811694983,-0.35301636126489977,0.15143917892768277
hatespeech,OVA,0.1,"[583, 4373]",503.0,468.0,-0.8540889076888561,1.0,2.0,-0.006588231858170701,0.08993658504842761,0.9416038432978452,-0.18286069944561234,0.16968423572927094
hatespeech,OVA,0.2,"[1054, 3902]",406.0,334.0,-0.7391581416130066,1.0,2.0,-0.1886604360871028,0.09845995249613515,0.05535066077766344,-0.3816383968990523,0.004317524724846672
hatespeech,OVA,0.3,"[1500, 3456]",608.0,498.0,-0.6135376766324043,1.0,2.0,-0.026270564647880246,0.0757549589603659,0.7287540251138045,-0.17474755586050725,0.12220642656474676
hatespeech,OVA,0.4,"[1992, 2964]",661.0,582.0,-0.4497913718223571,1.0,2.0,-0.07075187350723577,0.07529070678386687,0.3473633124390748,-0.21831894717418038,0.07681520015970883
hatespeech,OVA,0.5,"[2528, 2428]",639.0,519.0,-0.26152750849723816,1.0,2.0,0.0766587551676361,0.08056650255451485,0.34135233162023304,-0.08124868819956726,0.23456619853483945
hatespeech,OVA,0.6,"[3000, 1956]",1023.0,824.0,-0.05551178455352769,1.0,2.0,0.006528932197224835,0.06305549697669438,0.9175323148750832,-0.11705757090437041,0.13011543529882008
hatespeech,OVA,0.7,"[3495, 1461]",510.0,507.0,0.183045020699501,1.0,2.0,-0.06206585540310716,0.0799226784847055,0.43741028433991214,-0.2187114267811042,0.09457971597488987
hatespeech,OVA,0.8,"[3988, 968]",380.0,434.0,0.42350030541420003,1.0,2.0,0.03959512463123327,0.08981073475317447,0.6593049689815598,-0.13643068091006846,0.215620930172535
hatespeech,OVA,0.9,"[4462, 494]",211.0,193.0,0.6234108477830894,1.0,2.0,-0.23196131212478077,0.12886693982651015,0.07185963295227404,-0.484535872982631,0.020613248733069467
hatespeech,ASM,0.1,"[529, 4427]",216.0,215.0,-0.7313047781586647,1.0,2.0,0.1116258204479158,0.13479203725789843,0.40759482016086024,-0.15256171798034623,0.37581335887617784
hatespeech,ASM,0.2,"[1016, 3940]",412.0,400.0,-0.564517593383789,1.0,2.0,0.07545831442128914,0.08710061886664401,0.3863064793451618,-0.09525576158848306,0.24617239043106134
hatespeech,ASM,0.3,"[1525, 3431]",786.0,694.0,-0.38647979199886323,1.0,2.0,-0.022021617891641254,0.06804565861918162,0.7462181570785951,-0.15538865808954472,0.11134542230626221
hatespeech,ASM,0.4,"[1987, 2969]",736.0,666.0,-0.2018930971622466,1.0,2.0,-0.09735845003395216,0.06730546673645352,0.14803246301915338,-0.22927474080005966,0.03455784073215534
hatespeech,ASM,0.5,"[2483, 2473]",967.0,845.0,0.005314782261848399,1.0,2.0,0.07812255404182111,0.0654944329246332,0.23294295842380208,-0.05024417567833428,0.2064892837619765
hatespeech,ASM,0.6,"[2988, 1968]",817.0,774.0,0.24131061434745793,1.0,2.0,0.02672960825593995,0.06449275096817675,0.6785379061039297,-0.09967386090559718,0.1531330774174771
hatespeech,ASM,0.7,"[3535, 1421]",443.0,430.0,0.5005557939410209,1.0,2.0,-0.005978542486435479,0.09027461273177112,0.9471977562418051,-0.1829135321590079,0.17095644718613695
hatespeech,ASM,0.8,"[4012, 944]",126.0,184.0,0.7380232959985734,1.0,2.0,0.16983105532304932,0.13493446397113978,0.20816804730380045,-0.09463563433360217,0.4342977449797008
hatespeech,ASM,0.9,"[4512, 444]",443.0,444.0,0.8875262640416622,1.0,2.0,-0.08463178306394015,0.09650125400762842,0.3804856063738967,-0.2737707653818434,0.10450719925396312
synth,RS,0.1,"[526, 4474]",248.0,280.0,-0.6141358047723771,1.0,2.0,-0.013509911953987985,0.116082462729358,0.9073497814097948,-0.24102735814024281,0.21400753423226684
synth,RS,0.2,"[968, 4032]",441.0,467.0,-0.4487653166055679,1.0,2.0,-0.07302653552702365,0.08418578064245204,0.3856982279866664,-0.2380276335966189,0.09197456254257161
synth,RS,0.3,"[1435, 3565]",700.0,645.0,-0.28342370241880427,1.0,2.0,0.005564232953540138,0.0712825848426458,0.9377812808841912,-0.1341470660629664,0.14527553197004667
synth,RS,0.4,"[1930, 3070]",898.0,740.0,-0.09302101731300348,1.0,2.0,-0.12199894152844115,0.06404907054535988,0.05680958243853343,-0.24753281304061173,0.0035349299837294235
synth,RS,0.5,"[2431, 2569]",648.0,721.0,0.13907726109027854,1.0,2.0,0.03496971883836586,0.07305974024279073,0.6321908148897236,-0.10822474075735561,0.17816417843408733
synth,RS,0.6,"[2882, 2118]",645.0,825.0,0.32063400745391835,1.0,2.0,-0.05247877172544402,0.07019151566329355,0.45467056642259496,-0.19005161444577848,0.08509407099489044
synth,RS,0.7,"[3401, 1599]",548.0,823.0,0.5094485849142074,1.0,2.0,-0.06414430717050457,0.07506307629339064,0.39280654999816256,-0.21126523327433255,0.08297661893332342
synth,RS,0.8,"[4011, 989]",462.0,476.0,0.6655112981796265,1.0,2.0,0.028726627976862762,0.08844890294820927,0.7453459284174282,-0.14463003627370602,0.20208329222743154
synth,RS,0.9,"[4517, 483]",403.0,322.0,0.7823044583201412,1.0,2.0,0.02952306014187478,0.10848905760579537,0.7855225385933415,-0.18311158548217538,0.24215770576592494
synth,CC,0.1,"[521, 4479]",346.0,465.0,-0.08298347592353812,1.0,2.0,-0.08809704636971849,0.09168380119829916,0.3366129715794989,-0.26779399468411513,0.09159990194467812
synth,CC,0.2,"[931, 4069]",474.0,601.0,-0.018641126155853248,1.0,2.0,-0.07692501459786139,0.07715531750224744,0.31875719312435735,-0.22814665811801924,0.07429662892229646
synth,CC,0.3,"[1465, 3535]",847.0,974.0,0.04797390103340142,1.0,2.0,-0.05752871434790163,0.06041556288911912,0.3409870393278709,-0.17594104171628977,0.06088361302048649
synth,CC,0.4,"[1950, 3050]",861.0,1097.0,0.10836259126663203,1.0,2.0,-0.035101168522885584,0.058202168241071134,0.5464485570602958,-0.14917532209752596,0.07897298505175479
synth,CC,0.5,"[2379, 2621]",738.0,947.0,0.1557314097881317,1.0,2.0,-0.04507658581455143,0.06443610704549865,0.4842053996311827,-0.17136903492769642,0.08121586329859357
synth,CC,0.6,"[2905, 2095]",684.0,758.0,0.20304899215698238,1.0,2.0,-0.08200265474030821,0.0671507273819371,0.22202052741355005,-0.21361566194457257,0.04961035246395615
synth,CC,0.7,"[3413, 1587]",624.0,685.0,0.2470095098018646,1.0,2.0,-0.0018268098950497969,0.0742568847273783,0.9803730468488592,-0.14736762956485366,0.14371400977475407
synth,CC,0.8,"[3955, 1045]",553.0,496.0,0.2892800211906433,1.0,2.0,-0.0347144664317498,0.0786537323544874,0.6589537287064164,-0.1888729490961979,0.11944401623269829
synth,CC,0.9,"[4470, 530]",455.0,355.0,0.33499253988265987,1.0,2.0,-0.11120606509569031,0.09195364626863074,0.2265203784190284,-0.2914319000293425,0.06901976983796188
synth,DT,0.1,"[489, 4511]",326.0,662.0,0.602078105,1.0,2.0,-0.05623748047592725,0.08218501490387653,0.4937989999439528,-0.2173171497564128,0.10484218880455831
synth,DT,0.2,"[959, 4041]",487.0,705.0,0.66011228,1.0,2.0,-0.15908027290347282,0.06956552536426416,0.02220932154759592,-0.2954261971830382,-0.02273434862390744
synth,DT,0.3,"[1462, 3538]",780.0,1017.0,0.704236935,1.0,2.0,-0.02710169188680156,0.062096198645869766,0.6625125351189984,-0.14880800480955117,0.09460462103594805
synth,DT,0.4,"[1978, 3022]",703.0,811.0,0.743586676,1.0,2.0,-0.09500949775681966,0.06405210284564872,0.13799051985788344,-0.22054931246834666,0.030530316954707343
synth,DT,0.5,"[2403, 2597]",487.0,569.0,0.7749275499999999,1.0,2.0,-0.04278580380737751,0.08004783529923232,0.592993611621542,-0.19967667803426686,0.11410507041951184
synth,DT,0.6,"[2872, 2128]",728.0,917.0,0.804487428,1.0,2.0,-0.017179485066071143,0.0700140664240333,0.8061684784065002,-0.15440453366837145,0.12004556353622917
synth,DT,0.7,"[3407, 1593]",664.0,761.0,0.8344223879999999,1.0,2.0,0.01000262965522114,0.06917444480434017,0.885026640886497,-0.12557679081183945,0.14558205012228173
synth,DT,0.8,"[3943, 1057]",476.0,432.0,0.860861492,1.0,2.0,0.04278752369046834,0.08540816825012026,0.616387344646316,-0.12460941006530471,0.2101844574462414
synth,DT,0.9,"[4513, 487]",382.0,281.0,0.89339131,1.0,2.0,0.09164387279090391,0.1055607761591989,0.38530555910814546,-0.11525144666122031,0.29853919224302816
synth,LCE,0.1,"[490, 4510]",355.0,574.0,-0.11414690613746639,1.0,2.0,-0.016380944278711285,0.0916071110248153,0.8580810920072885,-0.1959275826151114,0.16316569405768883
synth,LCE,0.2,"[959, 4041]",584.0,820.0,-0.04394792914390558,1.0,2.0,0.0352509653247538,0.06900656599635538,0.6094666376915978,-0.0999994187248891,0.1705013493743967
synth,LCE,0.3,"[1387, 3613]",798.0,1199.0,0.006084170937538099,1.0,2.0,-0.06789060124890722,0.06136146444182268,0.2685514725558086,-0.18815686159351486,0.0523756590957004
synth,LCE,0.4,"[1878, 3122]",691.0,1089.0,0.05613633394241325,1.0,2.0,0.01980552626502341,0.06426361131084776,0.7579362943226154,-0.10614883742071907,0.1457598899507659
synth,LCE,0.5,"[2392, 2608]",653.0,871.0,0.09251691401004786,1.0,2.0,0.0006451570840807497,0.06698177469127178,0.9923150301717436,-0.13063670893138846,0.13192702309954996
synth,LCE,0.6,"[2895, 2105]",737.0,938.0,0.12243388891220083,1.0,2.0,0.021596123128166722,0.06603557673016405,0.7436393711753086,-0.10783122896128608,0.15102347521761952
synth,LCE,0.7,"[3397, 1603]",685.0,797.0,0.1484280467033386,1.0,2.0,-0.12100726686068775,0.06663141912970323,0.06935976035546138,-0.2516024485936993,0.009587914872323772
synth,LCE,0.8,"[3930, 1070]",855.0,714.0,0.17314771413803098,1.0,2.0,0.09988592742012847,0.062401789609089035,0.10944557293749002,-0.022419332784531815,0.22219118762478876
synth,LCE,0.9,"[4503, 497]",529.0,349.0,0.203448686003685,1.0,2.0,-0.09667683169933039,0.09225274242549039,0.2946587957665364,-0.27748888432834184,0.08413522092968104
synth,SP,0.1,"[463, 4537]",250.0,257.0,0.1484424114227294,1.0,2.0,-0.04664746546904652,0.11664661140518608,0.6892271061434825,-0.2752706227418503,0.1819756918037573
synth,SP,0.2,"[884, 4116]",502.0,623.0,0.20126793384552,1.0,2.0,-0.03540325272689471,0.07692332531779719,0.6453433890332583,-0.1861701999208353,0.11536369446704589
synth,SP,0.3,"[1344, 3656]",601.0,648.0,0.24852755665779108,1.0,2.0,-0.03937105219413106,0.07357772794320017,0.5925843752846409,-0.18358074902708973,0.10483864463882761
synth,SP,0.4,"[1837, 3163]",824.0,1100.0,0.29771833419799804,1.0,2.0,0.10449546709971125,0.06224442166332632,0.09319249442745846,-0.017501357598933065,0.22649229179835556
synth,SP,0.5,"[2398, 2602]",603.0,746.0,0.34402936697006226,1.0,2.0,0.14898480151864013,0.06900884428652786,0.030856118252001,0.013729952102312842,0.2842396509349674
synth,SP,0.6,"[2926, 2074]",451.0,507.0,0.38072900772094725,1.0,2.0,-0.2082337767574114,0.08258424385894346,0.011686530473612627,-0.3700959204114137,-0.04637163310340908
synth,SP,0.7,"[3464, 1536]",423.0,428.0,0.4132650077342987,1.0,2.0,-0.16410538703719846,0.08440494589463536,0.05186378158101824,-0.32953604110773566,0.0013252670333387395
synth,SP,0.8,"[3949, 1051]",327.0,328.0,0.44164454936981196,1.0,2.0,0.049763609422219246,0.0977946449873984,0.6108516038721692,-0.14191037263396214,0.24143759147840063
synth,SP,0.9,"[4418, 582]",320.0,344.0,0.4688519954681396,1.0,2.0,-0.12278102630293453,0.10208359737716857,0.22907315630124137,-0.32286120057447243,0.0772991479686034
synth,OVA,0.1,"[488, 4512]",246.0,302.0,-0.38065740764141076,1.0,2.0,-0.15321837213402723,0.11209912890926965,0.17168441513806454,-0.3729286274945085,0.06649188322645408
synth,OVA,0.2,"[922, 4078]",359.0,447.0,-0.1822422385215759,1.0,2.0,-0.09375278530744846,0.0946805778058452,0.322075974284877,-0.27932330784234743,0.09181773722745051
synth,OVA,0.3,"[1430, 3570]",511.0,589.0,0.005150142312049738,1.0,2.0,-0.0836445622760218,0.08042293712313367,0.29831270583623426,-0.2412706225682931,0.07398149801624951
synth,OVA,0.4,"[1919, 3081]",564.0,805.0,0.16691778898239132,1.0,2.0,0.032028903596656555,0.06907771904243976,0.642887953202901,-0.10336093786070202,0.16741874505401513
synth,OVA,0.5,"[2398, 2602]",800.0,1089.0,0.28610534965991974,1.0,2.0,0.01954316247318122,0.06377121792374318,0.7592564003497846,-0.10544612790761058,0.14453245285397304
synth,OVA,0.6,"[2876, 2124]",537.0,635.0,0.39362518787384027,1.0,2.0,0.13291986514181142,0.07489785944542617,0.07595044844599778,-0.01387724189036696,0.27971697217398983
synth,OVA,0.7,"[3404, 1596]",481.0,516.0,0.4960017174482345,1.0,2.0,0.005923972699154456,0.07648143315618726,0.9382605141013066,-0.14397688177298013,0.15582482717128904
synth,OVA,0.8,"[3995, 1005]",440.0,452.0,0.5985058277845383,1.0,2.0,0.07986466326064356,0.08774104236436628,0.3627004191086941,-0.09210461973951745,0.2518339462608046
synth,OVA,0.9,"[4467, 533]",354.0,328.0,0.6750973917543889,1.0,2.0,0.05810809821629026,0.10756278658995172,0.5890419261288129,-0.152711089576783,0.26892728600936355
synth,ASM,0.1,"[494, 4506]",494.0,1224.0,-0.9990607926505618,1.0,2.0,-0.08873823910139667,0.10176473650451995,0.3832116536919795,-0.2881934575464643,0.11071697934367095
synth,ASM,0.2,"[957, 4043]",957.0,744.0,-0.9852103750221431,1.0,2.0,-0.030340601205116835,0.10105937363799065,0.7640051538388786,-0.2284133338357551,0.16773213142552143
synth,ASM,0.3,"[1434, 3566]",1434.0,347.0,-0.9035724811939873,1.0,2.0,-0.18174867958641783,0.10147466801059488,0.07328135747939776,-0.38063537423034255,0.017138015057506867
synth,ASM,0.4,"[1924, 3076]",180.0,120.0,-0.6336518965661525,1.0,2.0,0.14158804948966197,0.140949444008691,0.3151228613711601,-0.13466778440831728,0.4178438833876412
synth,ASM,0.5,"[2363, 2637]",185.0,204.0,0.1091658771038055,1.0,2.0,-0.015155824805678009,0.1341470005046899,0.910047021936085,-0.27807911442894667,0.24776746481759065
synth,ASM,0.6,"[2899, 2101]",168.0,494.0,0.8395111575722695,1.0,2.0,-0.03847012536749328,0.11981389806227882,0.7481480017554858,-0.2733010504169131,0.19636079968192657
synth,ASM,0.7,"[3448, 1552]",639.0,1552.0,0.9874128083698451,1.0,2.0,-0.11954370631303501,0.086703885526745,0.16796927164123776,-0.2894801992651389,0.05039278663906885
synth,ASM,0.8,"[4003, 997]",1179.0,997.0,0.9991400601458735,1.0,2.0,-0.11706015540115883,0.10990172985972638,0.28681494005266805,-0.3324635877648728,0.09834327696255513
synth,ASM,0.9,"[4480, 520]",1655.0,520.0,0.9999671596992812,1.0,2.0,0.048900226700027805,0.1129412076102089,0.6650361011470046,-0.1724604725864427,0.2702609259864983
