data,method,target_coverage,ATT,ci_l_ATT,ci_u_ATT,pv_rob_ATT,acc_hum,acc_ML,acc_system,N,N_h_l,N_h_r,c,p,q,coef_rob,se_rob,pv_rob,ci_rob_l,ci_rob_u
cifar10h,RS,0.1,0.020879120879120916,0.006616786482735787,0.03514145527550596,0.004114353222680266,0.9434102755026061,1.0,0.958,"[657, 1343]",657.0,533.0,-0.9990517994928041,1.0,2.0,-0.0013740937815552856,0.036662149858255715,0.9701023648156001,-0.07323058709954673,0.07048239953643616
cifar10h,RS,0.2,0.024968789013732784,0.008866731346104842,0.04107084668136084,0.0023718025403752212,0.9392678868552413,1.0,0.959,"[798, 1202]",798.0,367.0,-0.9979999175411649,1.0,2.0,-0.029014277449828096,0.026059809121496157,0.26554843753157165,-0.08009056477194895,0.02206200987229276
cifar10h,RS,0.3,0.032211882605583386,0.014038511636736788,0.05038525357442998,0.0005127779600590249,0.9357541899441341,1.0,0.9615,"[926, 1074]",926.0,298.0,-0.9958664476689592,1.0,2.0,0.02198973594122111,0.03212077951718141,0.4935993091108344,-0.04096583506780632,0.08494530695024854
cifar10h,RS,0.4,0.040765391014975116,0.019929973348979012,0.06160080868097105,0.00012569010110224097,0.9308855291576674,1.0,0.9635,"[1074, 926]",1074.0,163.0,-0.99178892801865,1.0,2.0,0.0593490660640732,0.05897375360617496,0.314240475893099,-0.05623736703716886,0.17493549916531526
cifar10h,RS,0.5,0.05125725338491294,0.02738653948948924,0.07512796728033669,2.569538007557157e-05,0.9276485788113695,1.0,0.9655,"[1226, 774]",124.0,78.0,-0.9827141539717559,1.0,2.0,-0.10432186461150206,0.07169165309491757,0.14562868307062146,-0.24483492266968,0.03619119344667587
cifar10h,RS,0.6,0.07985257985257976,0.05094235577140138,0.10876280393375831,6.177256055824195e-08,0.9240924092409241,0.9978479196556671,0.9715,"[1394, 606]",65.0,51.0,-0.9617443773895502,1.0,2.0,-0.05092140571307824,0.06884836580527151,0.4595325650210239,-0.1858617230858494,0.08401891165969291
cifar10h,RS,0.7,0.12046204620462042,0.08378052397244021,0.15714356843680077,1.2224547741192688e-10,0.9107142857142857,0.9948453608247423,0.9755,"[1552, 448]",93.0,69.0,-0.9110268957447262,1.0,2.0,0.15415960363651204,0.08523311532796556,0.07050041707940422,-0.012894232696449293,0.3212134399694734
cifar10h,RS,0.8,0.18947368421052635,0.1356418521575609,0.2433055162634918,5.2535916807830275e-12,0.8959731543624161,0.9853113983548766,0.975,"[1702, 298]",77.0,70.0,-0.7965376635547727,1.0,2.0,0.2296251155890594,0.13269905867873422,0.08355524899409789,-0.030460260203626965,0.48971049138174577
cifar10h,RS,0.9,0.28645833333333337,0.20615209107304028,0.36676457559362646,2.7227851635200623e-12,0.8785714285714286,0.9655913978494624,0.9665,"[1860, 140]",89.0,75.0,-0.5896514148917049,1.0,2.0,-0.0089847380222281,0.1601359406061523,0.9552566132855153,-0.3228454142407318,0.3048759381962756
cifar10h,CC,0.1,0.027180067950169917,0.012929109990035397,0.04143102591030434,0.00018539300650355188,0.9576837416481069,0.998468606431853,0.963,"[653, 1347]",349.0,450.0,-0.044601634144783,1.0,2.0,0.013046752901658687,0.03356426386105396,0.6974909508740867,-0.05273799543360637,0.07883150123692374
cifar10h,CC,0.2,0.03498727735368956,0.019351250503539332,0.050623304203839786,1.1565140870507384e-05,0.9573578595317725,0.996268656716418,0.9665,"[804, 1196]",366.0,425.0,-0.0367369204759597,1.0,2.0,0.011948182362276905,0.03380239083205302,0.7237349785876955,-0.05430328625989392,0.07819965098444773
cifar10h,CC,0.3,0.0462762111352133,0.02919646418392707,0.06335595808649955,1.0940531189963893e-07,0.9540669856459331,0.9968586387434555,0.971,"[955, 1045]",372.0,400.0,-0.02974434196949,1.0,2.0,-0.027233248397683818,0.029235517711236562,0.3515885533828237,-0.08453381018109035,0.030067313385722716
cifar10h,CC,0.4,0.05685618729096986,0.03771965967849992,0.0759927149034399,5.772685167461451e-09,0.9510567296996663,0.9954586739327884,0.973,"[1101, 899]",429.0,449.0,-0.02222503721714015,1.0,2.0,-0.00033302580311467267,0.019447653227719137,0.9863375206388371,-0.038449725713268317,0.03778367410703897
cifar10h,CC,0.5,0.07324516785350965,0.05060027201951492,0.09589006368750436,2.3047410269302483e-10,0.9460526315789474,0.9951612903225806,0.975,"[1240, 760]",605.0,360.0,-0.015172690153121926,1.0,2.0,0.026295948994104368,0.015541834839131899,0.0906562246872688,-0.004165487544264018,0.056757385532472754
cifar10h,CC,0.6,0.09517766497461932,0.06768562729217037,0.12266970265706828,1.1575589344094584e-11,0.9357495881383855,0.9956927494615937,0.9765,"[1393, 607]",513.0,205.0,-0.009150147438049275,1.0,2.0,0.03593347346281406,0.01931650793644061,0.06285060636352255,-0.0019261863996916581,0.07379313332531978
cifar10h,CC,0.7,0.12685337726523882,0.09183475214956763,0.16187200238091018,1.2486488196684163e-12,0.912751677852349,0.9961365099806826,0.9775,"[1553, 447]",601.0,70.0,-0.0008394420146941251,1.0,2.0,-0.024060666235487194,0.0149883752708971,0.10843033204691474,-0.05343734195321628,0.005316009482241899
cifar10h,CC,0.8,0.19999999999999996,0.1475495974432829,0.25245040255671714,7.803610459343852e-14,0.8900709219858156,0.9825378346915018,0.9775,"[1718, 282]",40.0,45.0,0.10720404982566831,1.0,2.0,-0.09176828983136076,0.08067722513492588,0.25533996055598474,-0.2498927454684451,0.06635616580572357
cifar10h,CC,0.9,0.27717391304347827,0.19641021387447827,0.3579376122124785,1.7388336334782347e-11,0.87248322147651,0.968665586169638,0.9645,"[1851, 149]",42.0,42.0,0.2640032768249511,1.0,2.0,0.01993265354287499,0.13843125306068874,0.8855087231971407,-0.25138761679082505,0.29125292387657503
cifar10h,DT,0.1,0.037577117218171585,0.022965744822311736,0.05218848961403152,4.6412224015271287e-07,0.973015873015873,0.8202702702702702,0.9425,"[740, 1260]",321.0,331.0,0.938858675,1.0,2.0,-0.05291963877829886,0.05465730674838044,0.33294052658543716,-0.16004599149708257,0.054206713940484846
cifar10h,DT,0.2,0.03474903474903468,0.02057561228891585,0.048922457209153634,1.5455725657646016e-06,0.9771528998242531,0.8283062645011601,0.936,"[862, 1138]",257.0,333.0,0.947537445,1.0,2.0,0.049215536722109654,0.051728720706497824,0.3413932002972744,-0.05217089282895743,0.15060196627317674
cifar10h,DT,0.3,0.015897047691143085,0.002727582434740335,0.029066512947545822,0.017986290510815666,0.98001998001998,0.8358358358358359,0.9195,"[999, 1001]",203.0,241.0,0.9548600725,1.0,2.0,0.042963181758386204,0.046350465361040746,0.353967978081276,-0.04788206101592497,0.13380842453269737
cifar10h,DT,0.4,0.00702987697715296,-0.0051523937914192295,0.01921214774572503,0.2580496515464378,0.9854014598540146,0.8531409168081494,0.913,"[1178, 822]",262.0,263.0,0.963588315,1.0,2.0,0.05395844085398305,0.04282000596244266,0.20762527671957132,-0.029967228650194938,0.13788411035816103
cifar10h,DT,0.5,-0.00421940928270037,-0.015167696893684947,0.006728878328284102,0.45003346161024105,0.9872701555869873,0.8638824439288476,0.907,"[1293, 707]",177.0,187.0,0.96893848,1.0,2.0,0.028893343127063043,0.025202409251356573,0.2516083309235332,-0.020502471329234905,0.078289157583361
cifar10h,DT,0.6,-0.002645502645502673,-0.01365768902810318,0.00836668373709789,0.6377477295454859,0.9893617021276596,0.8746518105849582,0.908,"[1436, 564]",193.0,228.0,0.9761248499999999,1.0,2.0,-0.016213338641464237,0.03343471700433186,0.6277293675541562,-0.0817441798032436,0.049317502520315123
cifar10h,DT,0.7,-0.0070796460176990594,-0.016891339086099418,0.0027320470507011894,0.15729855456200517,0.9925558312655087,0.886662492172824,0.907,"[1597, 403]",189.0,182.0,0.9826795700000001,1.0,2.0,-0.012725849254413779,0.02500558299116325,0.6108080774217666,-0.061735891329521106,0.03628419282069355
cifar10h,DT,0.8,-0.005390835579514808,-0.01597094769454919,0.005189276535519544,0.3179636002370523,0.9928571428571429,0.8941860465116279,0.908,"[1720, 280]",175.0,201.0,0.9880393175,1.0,2.0,0.001170032064173876,0.006985980042966891,0.8669901162651137,-0.012522237216756809,0.014862301345104561
cifar10h,DT,0.9,-0.005154639175257714,-0.01528368583087928,0.004974407480363816,0.3185610025668617,1.0,0.9014618299945858,0.9085,"[1847, 153]",462.0,153.0,0.9931676974999999,1.0,2.0,0.015699023559175407,0.012751223403918056,0.21825636133706583,-0.009292915071328216,0.040690962189679034
cifar10h,LCE,0.1,0.021358159912376773,0.00734865028622831,0.03536766953852527,0.002807564728999609,0.9458874458874459,1.0,0.9585,"[614, 1386]",365.0,497.0,-0.12484680116176597,1.0,2.0,-0.010298845582944693,0.024225877319714265,0.6707509857395297,-0.05778069262347039,0.037183001457581
cifar10h,LCE,0.2,0.027346177750155354,0.011698986462508474,0.042993369037802265,0.0006139476697509469,0.9419680403700589,0.9963008631319359,0.961,"[811, 1189]",413.0,487.0,-0.04053062945604323,1.0,2.0,0.030235748628327785,0.027403839625103905,0.2698796020130052,-0.023474790074987484,0.08394628733164305
cifar10h,LCE,0.3,0.03305203938115331,0.015526620656257682,0.050577458106048925,0.00021868575474555776,0.9372509960159362,0.9949799196787149,0.9625,"[996, 1004]",433.0,424.0,0.026707880198955525,1.0,2.0,-0.000646731247161858,0.039119752626195846,0.9868099019549961,-0.07732003747862191,0.0760265749842982
cifar10h,LCE,0.4,0.04114189756507136,0.02077034155274711,0.06151345357739564,7.548654775847588e-05,0.9342723004694836,0.9921602787456446,0.9635,"[1148, 852]",452.0,409.0,0.0877069681882858,1.0,2.0,0.014573240257187425,0.03368116961582216,0.6652457128565571,-0.051440639147008776,0.08058711966138363
cifar10h,LCE,0.5,0.05870236869207002,0.034824091358377864,0.08258064602576218,1.4473112563011709e-06,0.9287671232876712,0.989763779527559,0.9675,"[1270, 730]",342.0,305.0,0.1381830945611,1.0,2.0,-0.029116492508959535,0.04565648577460631,0.523649712346144,-0.11860156028785322,0.06036857526993415
cifar10h,LCE,0.6,0.07272727272727275,0.043900015598952416,0.10155452985559303,7.625174968431073e-07,0.9262435677530018,0.9844742413549753,0.967,"[1417, 583]",297.0,261.0,0.20028463006019587,1.0,2.0,0.002253998010215197,0.04302590766816813,0.9582203363689086,-0.08207523142154007,0.08658322744197046
cifar10h,LCE,0.7,0.097770154373928,0.06319204536641967,0.13234826338143624,2.993278461846253e-08,0.9125,0.974375,0.9675,"[1600, 400]",361.0,292.0,0.28486884385347366,1.0,2.0,-0.0827665832971316,0.046045175025508214,0.0722549650552926,-0.17301346800897088,0.007480301414707666
cifar10h,LCE,0.8,0.12569832402234637,0.07804392600708676,0.17335272203760593,2.3433199608603154e-07,0.9288256227758007,0.9656777196044212,0.9615,"[1719, 281]",155.0,135.0,0.34806992858648295,1.0,2.0,0.24229407255851965,0.08864123969285372,0.0062679628398096595,0.06856043521554409,0.4160277099014952
cifar10h,LCE,0.9,0.19277108433734935,0.11970935885119481,0.2658328098235041,2.324662025896386e-07,0.9439252336448598,0.9529846804014791,0.955,"[1893, 107]",94.0,59.0,0.4506622031331062,1.0,2.0,-0.028409436429126078,0.12848365569193243,0.8250042672285292,-0.28023277418735837,0.2234139013291062
cifar10h,SP,0.1,0.02429596907785747,0.00981117640872748,0.03878076174698758,0.0010106957923700032,0.9444850255661067,1.0,0.958,"[631, 1369]",631.0,563.0,0.00048622488975517497,1.0,2.0,-0.02855478608350903,0.015066729958271687,0.05806310220130027,-0.058085034166512214,0.0009754619994941476
cifar10h,SP,0.2,0.028930817610062887,0.012536075356330487,0.0453255598637953,0.0005429285717833165,0.9392712550607287,1.0,0.959,"[765, 1235]",765.0,394.0,0.0010882914066314,1.0,2.0,-0.05843263526513276,0.02154394225219685,0.006682744105580712,-0.10065798616444932,-0.016207284365816192
cifar10h,SP,0.3,0.03687943262411353,0.018738207237364968,0.055020658010861964,6.764359461071608e-05,0.9353932584269663,1.0,0.962,"[932, 1068]",932.0,309.0,0.0025898665189742253,1.0,2.0,0.02859490129791964,0.031435790224185134,0.36301828539434455,-0.03301811536703953,0.0902079179628788
cifar10h,SP,0.4,0.042914979757085026,0.02228383619866503,0.063546123315505,4.5633399921824e-05,0.9278688524590164,1.0,0.9625,"[1085, 915]",1085.0,194.0,0.0056400001049041505,1.0,2.0,-0.05947842811758952,0.05428069742764274,0.27318534092985036,-0.16586664013148525,0.046909783896306206
cifar10h,SP,0.5,0.05772994129158515,0.03332741017698229,0.08213247240618796,3.5391815913090855e-06,0.9274809160305344,1.0,0.9655,"[1214, 786]",228.0,98.0,0.01078090071678155,1.0,2.0,-0.021035320929633228,0.09455741392614687,0.8239551612297782,-0.20636444669612725,0.1642938048368608
cifar10h,SP,0.6,0.07882352941176474,0.0503880775465888,0.10725898127694061,5.539836271128966e-08,0.9196141479099679,0.9985486211901307,0.9695,"[1378, 622]",88.0,68.0,0.026621952652931175,1.0,2.0,-0.125393978639889,0.09289920762064409,0.1770848828293753,-0.30747307976866034,0.056685122488882356
cifar10h,SP,0.7,0.12199036918138051,0.08514460235839216,0.1588361360043687,8.633719446482148e-11,0.9093023255813953,0.9949044585987261,0.974,"[1570, 430]",60.0,33.0,0.07147502899169919,1.0,2.0,0.25319074067311576,0.1423950145954599,0.07538954834860524,-0.025898359512040947,0.5322798408582725
cifar10h,SP,0.8,0.20654911838790924,0.1543891221879634,0.2587091145878553,8.407013662604194e-15,0.8947368421052632,0.9825072886297376,0.977,"[1715, 285]",63.0,58.0,0.17913350462913513,1.0,2.0,-0.10015706784470568,0.14624189331490786,0.49342430830338946,-0.38678591177287397,0.1864717760834626
cifar10h,SP,0.9,0.31999999999999995,0.23415556500111795,0.40584443499888195,2.749968522526643e-13,0.9015151515151515,0.965203426124197,0.964,"[1868, 132]",32.0,32.0,0.3814554810523987,1.0,2.0,0.17998478797739348,0.17439576636862278,0.3020496693208048,-0.1618246331613688,0.5217942091161558
cifar10h,OVA,0.1,0.023770038695411833,0.009226863334031945,0.03831321405679172,0.0013578887253644354,0.9450222882615156,1.0,0.9585,"[654, 1346]",239.0,171.0,-0.6772389374673367,1.0,2.0,0.036298299352232055,0.03333041185561948,0.2761342937208393,-0.029028107474668968,0.10162470617913308
cifar10h,OVA,0.2,0.027177269919703484,0.010979380423386774,0.04337515941602028,0.0010072917688712614,0.9399499582985822,1.0,0.959,"[801, 1199]",109.0,83.0,-0.5564460344612598,1.0,2.0,0.07750479046313274,0.04519875246051735,0.0863901401093858,-0.011083136505622412,0.16609271743188792
cifar10h,OVA,0.3,0.03502501786990708,0.016569770584147134,0.053480265155667034,0.0001994685266157367,0.9335232668566001,1.0,0.9615,"[947, 1053]",231.0,194.0,-0.4081113934516906,1.0,2.0,0.015528176036679664,0.01730461312526018,0.3695358384507269,-0.018388242455229395,0.04944459452858872
cifar10h,OVA,0.4,0.04503753127606347,0.023859441671401086,0.06621562088072569,3.0717819810455725e-05,0.9259259259259259,1.0,0.964,"[1109, 891]",324.0,266.0,-0.23210013657808298,1.0,2.0,0.04058984445430247,0.031482112319971556,0.1972942852088415,-0.0211139618500865,0.10229365075869144
cifar10h,OVA,0.5,0.05572139303482582,0.03065465378494387,0.08078813228470785,1.3195001574360039e-05,0.9157303370786517,0.9984472049689441,0.965,"[1288, 712]",315.0,239.0,-0.01729556173086165,1.0,2.0,-0.08502800360879736,0.052460681740592444,0.1050616400335459,-0.1878490504247766,0.017793043207181863
cifar10h,OVA,0.6,0.0789808917197452,0.04804774221238253,0.10991404122710793,5.605651374009511e-07,0.9124343257443083,0.9930020993701889,0.968,"[1429, 571]",156.0,123.0,0.17167151719331736,1.0,2.0,0.02349724977243528,0.05599958444744807,0.6747799829104757,-0.08625991889377228,0.13325441843864283
cifar10h,OVA,0.7,0.1155866900175132,0.07632543323958532,0.154847946795441,7.917217087358834e-09,0.908883826879271,0.9891095451633568,0.97,"[1561, 439]",113.0,135.0,0.3951450511813164,1.0,2.0,0.09052983671129256,0.07006592331975303,0.1963340942837024,-0.04679684953896848,0.2278565229615536
cifar10h,OVA,0.8,0.1670886075949367,0.11515964665832526,0.21901756853154827,2.854990142823869e-10,0.8982456140350877,0.9778425655976677,0.97,"[1715, 285]",104.0,129.0,0.6163286082446575,1.0,2.0,-0.04696869919975155,0.07631774268883541,0.5382667113022569,-0.196548726251264,0.10261132785176089
cifar10h,OVA,0.9,0.25380710659898476,0.17679576650364617,0.33081844669432336,1.0506718466190016e-10,0.8951612903225806,0.9610874200426439,0.962,"[1876, 124]",135.0,110.0,0.7881251461803913,1.0,2.0,0.012405822378056541,0.10427431461772761,0.9052967896691296,-0.19196807878528807,0.21677972354140115
cifar10h,ASM,0.1,0.03267605633802817,0.017603974288919987,0.047748138387136325,2.1456056777092585e-05,0.9441930618401206,1.0,0.9585,"[674, 1326]",674.0,670.0,-0.999994569511275,1.0,2.0,-0.08005261765251848,0.027167935797984374,0.003213046510415932,-0.1333007933508643,-0.02680444195417265
cifar10h,ASM,0.2,0.0390524967989756,0.022085040532298403,0.056019953065652967,6.449955967266395e-06,0.9406196213425129,1.0,0.96,"[838, 1162]",838.0,516.0,-0.999935194226964,1.0,2.0,-0.04066727247052315,0.045330776671127664,0.3696534033915724,-0.12951396213716188,0.048179417196115557
cifar10h,ASM,0.3,0.048034934497816595,0.0290523582989387,0.06701751069669451,7.06239852425115e-07,0.9373104145601617,0.9990108803165183,0.9625,"[1011, 989]",1011.0,346.0,-0.9991398645222138,1.0,2.0,-0.018079246323481124,0.05166911146324544,0.726410490145253,-0.11934884390462784,0.08319035125766559
cifar10h,ASM,0.4,0.061962134251290824,0.039980988327463544,0.0839432801751182,3.296802973290814e-08,0.936,0.9946666666666667,0.9655,"[1125, 875]",1125.0,220.0,-0.9925643168971874,1.0,2.0,-0.10900639685322777,0.03973362899668487,0.006080116332355704,-0.18688287866180647,-0.03112991504464907
cifar10h,ASM,0.5,0.08631578947368412,0.06060954854361725,0.11202203040375125,4.6691969161134934e-11,0.937584803256445,0.9904988123515439,0.9705,"[1263, 737]",1263.0,92.0,-0.9450452867895351,1.0,2.0,-0.05288515020228313,0.12001895243455755,0.6594736459863667,-0.28811797443624176,0.1823476740316755
cifar10h,ASM,0.6,0.10775295663600526,0.07754961623719647,0.13795629703481405,2.703458263507271e-12,0.9373970345963756,0.9834888729361091,0.9705,"[1393, 607]",28.0,22.0,-0.6562523134052753,1.0,2.0,-0.007823562080913948,0.015414753504963463,0.6117778849484132,-0.038035923781204906,0.022388799619377005
cifar10h,ASM,0.7,0.1317957166392092,0.09674364394297352,0.16684778933544497,1.7132018159954192e-13,0.924892703862661,0.9765319426336375,0.9695,"[1534, 466]",35.0,48.0,0.16280813515186307,1.0,2.0,0.09854739238110133,0.15525162410045762,0.5255854949895011,-0.20574019939714627,0.40283498415934893
cifar10h,ASM,0.8,0.17788461538461542,0.13237957923444277,0.22338965153478801,1.8344062699417437e-14,0.919093851132686,0.9698403311649911,0.9665,"[1691, 309]",57.0,309.0,0.8547704666852951,1.0,2.0,-0.1503586374991528,0.18240415552627728,0.4097601118128332,-0.507864212961099,0.20714693796279338
cifar10h,ASM,0.9,0.30645161290322576,0.22750217737888012,0.38540104842757117,2.7872957144598128e-14,0.9124087591240876,0.9549114331723028,0.958,"[1863, 137]",208.0,137.0,0.990039819618687,1.0,2.0,-0.07770825055554897,0.17492578293442335,0.6568722958855975,-0.42055648507448995,0.265139983963392
galaxyzoo,RS,0.1,-0.09792949076664792,-0.12333297310145963,-0.0725260084318364,4.169681751048991e-14,0.6913207547169812,0.9807407407407407,0.7535,"[675, 1325]",675.0,644.0,-0.9999992868897608,1.0,2.0,-0.29931700951484363,0.08901424953760946,0.0007721940010151539,-0.47378173271941937,-0.12485228631026793
galaxyzoo,RS,0.2,-0.09171410499683741,-0.1196098590624772,-0.06381835093119767,1.1647228727166325e-10,0.6828665568369028,0.9732824427480916,0.7685,"[786, 1214]",786.0,529.0,-0.9999974023536424,1.0,2.0,-0.2652724448863777,0.13314180115774296,0.04632659427596526,-0.5262255799923472,-0.0043193097804082314
galaxyzoo,RS,0.3,-0.07805596465390285,-0.10915872960186933,-0.046953199705936324,8.709641632479014e-07,0.6857688634192932,0.9601259181532005,0.788,"[953, 1047]",953.0,361.0,-0.9999879667587948,1.0,2.0,-0.07833440681933046,0.13565751441333893,0.5636406081845913,-0.34421824930169803,0.1875494356630371
galaxyzoo,RS,0.4,-0.07248764415156506,-0.10621185046439041,-0.038763437838739805,2.5222983139753137e-05,0.6728110599078341,0.946113074204947,0.797,"[1132, 868]",1132.0,167.0,-0.9999228754541036,1.0,2.0,-0.6182358639244567,0.1287415107852125,1.5697214133439903e-06,-0.8705645883787482,-0.3659071394701653
galaxyzoo,RS,0.5,-0.03876739562624254,-0.07635584981285218,-0.001178941439632937,0.043234528157538345,0.6745810055865922,0.9369158878504673,0.8215,"[1284, 716]",1284.0,77.0,-0.9996874652460974,1.0,2.0,-0.26799225053877884,0.1705941453735168,0.11619783385369722,-0.602350631444262,0.06636613036670436
galaxyzoo,RS,0.6,-0.006451612903225823,-0.05052793269327194,0.03762470688682032,0.7741987444237424,0.6552346570397112,0.9183955739972337,0.8385,"[1446, 554]",77.0,33.0,-0.9986232672090409,1.0,2.0,-0.04013168217188623,0.27401774947654756,0.8835610228012214,-0.5771966022706387,0.4969332379268663
galaxyzoo,RS,0.7,0.014414414414414378,-0.04015151633984515,0.068980345168674,0.6046298629532598,0.6755447941888619,0.8979206049149339,0.845,"[1587, 413]",36.0,15.0,-0.9939797420520335,1.0,2.0,0.40076919589411475,0.31907517916864164,0.20910373151864425,-0.2246066636370878,1.0261450554253173
galaxyzoo,RS,0.8,0.0603674540682414,-0.006407940618291474,0.12714284875477444,0.07641435600937618,0.6655629139072847,0.8839811542991755,0.8525,,,,,,,,,,,
galaxyzoo,RS,0.9,0.08938547486033521,-0.009450333545377845,0.18822128326604826,0.07630179427452298,0.6428571428571429,0.8580645161290322,0.849,,,,,,,,,,,
galaxyzoo,CC,0.1,-0.09280089988751405,-0.11750547878574744,-0.06809632098928067,1.8055441111247661e-13,0.7291981845688351,0.9336283185840708,0.76,"[678, 1322]",582.0,888.0,-1.0609626770019531e-05,1.0,2.0,0.011879121447213148,0.02491737021787807,0.6335468649111091,-0.03695802676927883,0.06071626966370513
galaxyzoo,CC,0.2,-0.08233815210559403,-0.10860942298075729,-0.05606688123043066,8.106671502862755e-10,0.7174813587406794,0.9419924337957125,0.777,"[793, 1207]",700.0,778.0,-4.76837158203125e-07,1.0,2.0,-0.06638026882563697,0.023232614395814827,0.004273939503313967,-0.11191535630814081,-0.020845181343133116
galaxyzoo,CC,0.3,-0.06705118961788026,-0.09598926573257187,-0.038113113503188814,5.589528728263403e-06,0.6941176470588235,0.9448979591836735,0.796,"[980, 1020]",895.0,612.0,4.32133674621582e-06,1.0,2.0,-0.1479294846940563,0.02572081282063204,8.853182275641688e-09,-0.19834135147559118,-0.09751761791252143
galaxyzoo,CC,0.4,-0.05965202982601492,-0.0918167939333645,-0.027487265718665325,0.00027808415525049985,0.6726618705035972,0.9442538593481989,0.8065,"[1166, 834]",1092.0,452.0,0.00022718310356135,1.0,2.0,-0.18424319640087183,0.03371163051598733,4.6220014630339755e-08,-0.25031677807232844,-0.11816961472941523
galaxyzoo,CC,0.5,-0.044652128764278265,-0.08282686439403392,-0.0064773931345226896,0.02187532373984119,0.6614950634696756,0.9395817195972115,0.821,"[1291, 709]",1229.0,356.0,0.001553222537040625,1.0,2.0,-0.22631037427358924,0.04039776437276725,2.1182905580044104e-08,-0.30548853750014837,-0.14713221104703011
galaxyzoo,CC,0.6,-0.01308900523560208,-0.05801434421640463,0.031836333745200444,0.5679753459141785,0.653169014084507,0.9210893854748603,0.8375,"[1432, 568]",1341.0,187.0,0.007027760148048375,1.0,2.0,-0.1277974647103861,0.07373676174806021,0.0830675748612933,-0.27231886207319483,0.016723932652422613
galaxyzoo,CC,0.7,0.008802816901408383,-0.04507733779145726,0.06268297159427416,0.7488057701033966,0.6602409638554216,0.905993690851735,0.845,"[1585, 415]",1481.0,93.0,0.02872939407825465,1.0,2.0,0.09308848736141351,0.12847175908913408,0.4687077252480092,-0.15871153348379563,0.34488850820662265
galaxyzoo,CC,0.8,0.0680628272251308,0.0009444214465330891,0.13518123300372864,0.04686230111759135,0.672077922077922,0.8918439716312057,0.8555,"[1692, 308]",1581.0,108.0,0.08116856217384334,1.0,2.0,0.3721975364434762,0.1247117623876844,0.0028407733072130723,0.12776697371509782,0.6166280991718546
galaxyzoo,CC,0.9,0.09589041095890416,0.006440657898093033,0.18534016401971518,0.03563329195410853,0.6571428571428571,0.8723287671232877,0.853,"[1825, 175]",140.0,88.0,0.21011310815811152,1.0,2.0,-0.06845629117589502,0.18615530049883988,0.7130689504342318,-0.43331397568485236,0.2964013933330623
galaxyzoo,DT,0.1,-0.08914728682170547,-0.11378076450192437,-0.06451380914148644,1.312272040569685e-12,0.761521580102414,0.8230647709320695,0.7555,"[633, 1367]",63.0,202.0,0.9943317549999999,1.0,2.0,0.021342520046853775,0.18693180809231183,0.9091008468132251,-0.34503709137903044,0.387722131472738
galaxyzoo,DT,0.2,-0.09357454772301932,-0.1195843717278526,-0.06756472371818609,1.772699625824288e-12,0.7714521452145214,0.8096446700507615,0.761,"[788, 1212]",171.0,1212.0,0.9986916225,1.0,2.0,0.15932261556767768,0.13371788183919026,0.2334639309454084,-0.10275961692611779,0.42140484806147316
galaxyzoo,DT,0.3,-0.08398023994354264,-0.11128027368451618,-0.056680206202569285,1.6474033222136704e-09,0.768791627021884,0.8103266596417281,0.7765,"[949, 1051]",313.0,1051.0,0.999685925,1.0,2.0,-0.026009863257046018,0.10103530871521434,0.7968442203739484,-0.22403542950575195,0.1720157029916599
galaxyzoo,DT,0.4,-0.08168316831683176,-0.1104041642241055,-0.0529621724095579,2.4869515419967374e-08,0.7628635346756152,0.8164556962025317,0.7865,"[1106, 894]",470.0,894.0,0.999926445,1.0,2.0,-0.1710782438959748,0.10996150728955349,0.11975537508666562,-0.38659883786923827,0.04444235007728864
galaxyzoo,DT,0.5,-0.09027081243731194,-0.12125254247622065,-0.059289082398403206,1.1250868242917097e-08,0.7671232876712328,0.8165354330708662,0.791,"[1270, 730]",627.0,730.0,0.9999860199999999,1.0,2.0,0.10560819132738675,0.09696566589665635,0.2760966729361133,-0.08444102156700348,0.295657404221777
galaxyzoo,DT,0.6,-0.09974093264248707,-0.13545005770610946,-0.06403180757886465,4.3881590182572675e-08,0.7604690117252931,0.8210976478973628,0.7975,"[1403, 597]",772.0,597.0,0.9999975,1.0,2.0,-0.286094164939525,0.1249542229324947,0.022044990445744952,-0.5309999416034035,-0.0411883882756465
galaxyzoo,DT,0.7,-0.11055276381909551,-0.15092320782695126,-0.07018231981123965,7.9933368938077e-08,0.7775280898876404,0.8205787781350482,0.803,,,,,,,,,,,
galaxyzoo,DT,0.8,-0.10526315789473684,-0.15316209570672018,-0.05736422008275352,1.6530769357876783e-05,0.7899686520376176,0.8221296847114813,0.816,,,,,,,,,,,
galaxyzoo,DT,0.9,-0.11912225705329149,-0.17049468654790836,-0.06774982755867467,5.499803047191682e-06,0.7899686520376176,0.8221296847114813,0.817,,,,,,,,,,,
galaxyzoo,LCE,0.1,-0.08130530973451322,-0.10672060401185822,-0.05589001545716836,3.609036451086001e-10,0.7463662790697675,0.8397435897435898,0.751,"[624, 1376]",451.0,605.0,-0.07082328945398328,1.0,2.0,-0.04512689091792965,0.06646079612687471,0.49713776329648796,-0.1753876577104632,0.08513387587460389
galaxyzoo,LCE,0.2,-0.07357449417535256,-0.10022324597720107,-0.04692574237350407,6.258238159542791e-08,0.7546408393866021,0.8554533508541393,0.7645,"[761, 1239]",471.0,516.0,-0.0608582273125648,1.0,2.0,0.17303176128795528,0.06418287893896803,0.007019500129569667,0.04723563014348359,0.29882789243242697
galaxyzoo,LCE,0.3,-0.07237299930410579,-0.10088793827662672,-0.043858060331584806,6.540551077275911e-07,0.7448210922787194,0.8614072494669509,0.7725,"[938, 1062]",394.0,335.0,-0.04846408218145365,1.0,2.0,-0.24394394019723076,0.07460171176094588,0.0010756612446899043,-0.39016060843372286,-0.09772727196073866
galaxyzoo,LCE,0.4,-0.05084745762711862,-0.08170085469968882,-0.01999406055454845,0.001237521494359949,0.7580645161290323,0.8607476635514019,0.793,"[1070, 930]",608.0,477.0,-0.038644917309284176,1.0,2.0,0.0654942112976904,0.07198891661013619,0.3629375568311871,-0.07560147254423383,0.20658989513961462
galaxyzoo,LCE,0.5,-0.03876739562624254,-0.0741672827722287,-0.003367508480256423,0.03184022042840461,0.7612903225806451,0.8644897959183674,0.805,"[1225, 775]",729.0,470.0,-0.02552162110805505,1.0,2.0,0.09751748805717186,0.06136186114215939,0.11201076541398126,-0.022749549805808372,0.2177845259201521
galaxyzoo,LCE,0.6,-0.006002400960384069,-0.044780396894974435,0.03277559497420613,0.7615998671095325,0.751219512195122,0.8628158844765343,0.822,"[1385, 615]",711.0,381.0,-0.011533580720424574,1.0,2.0,0.01888647933128107,0.05775364995687481,0.7436543203950965,-0.09430859455992681,0.13208155322248893
galaxyzoo,LCE,0.7,0.013008130081300862,-0.03367725929624414,0.05969351945884578,0.5849887292220912,0.7415730337078652,0.8533762057877814,0.8285,"[1555, 445]",495.0,256.0,0.0074426382780075,1.0,2.0,0.05788964580441491,0.08163707331406997,0.47825636416785144,-0.10211607769441819,0.21789536930324802
galaxyzoo,LCE,0.8,0.027638190954773934,-0.03215705966607739,0.08743344157562509,0.36497691019557,0.7509578544061303,0.848188614146061,0.83,"[1739, 261]",575.0,200.0,0.0387770012021064,1.0,2.0,0.015788349529178847,0.09096935677340011,0.8622137933039732,-0.16250831344346017,0.19408501250181787
galaxyzoo,LCE,0.9,0.10215053763440862,0.016696906639486406,0.18760416862933071,0.019133273001091272,0.753731343283582,0.8344051446945338,0.834,"[1866, 134]",233.0,79.0,0.06762395054101936,1.0,2.0,0.1508213401044982,0.08791739939359604,0.08625559265572064,-0.021493596321373598,0.32313627653037
galaxyzoo,SP,0.1,-0.09649999999999992,-0.12044391674416452,-0.07255608325583549,2.808179386511899e-15,0.7425,,0.7425,,,,,,,,,,,
galaxyzoo,SP,0.2,-0.09649999999999992,-0.12044391674416452,-0.07255608325583549,2.808179386511899e-15,0.7425,,0.7425,,,,,,,,,,,
galaxyzoo,SP,0.3,-0.09649999999999992,-0.12044391674416452,-0.07255608325583549,2.808179386511899e-15,0.7425,,0.7425,,,,,,,,,,,
galaxyzoo,SP,0.4,-0.056374674761491717,-0.09219767350919338,-0.020551676013790182,0.0020396556048596923,0.6697566628041715,0.9463500439753738,0.8065,"[1137, 863]",1137.0,247.0,3.457069396972656e-06,1.0,2.0,-0.3255996186062208,0.1706783253284957,0.0564325950812068,-0.6601229891916829,0.008923751979241279
galaxyzoo,SP,0.5,-0.0386221294363257,-0.07904521425149585,0.0018009553788445112,0.061117781738212106,0.6730506155950753,0.9377462568951931,0.8205,"[1269, 731]",1269.0,132.0,2.1845102310180664e-05,1.0,2.0,-0.025577652450721744,0.17806405420867344,0.8857823946850586,-0.3745767856409095,0.323421480739466
galaxyzoo,SP,0.6,-0.0064683053040103244,-0.05362246186617005,0.040685851258149344,0.7880410275939265,0.6695352839931153,0.9168428470754052,0.8365,"[1419, 581]",31.0,20.0,0.00015443563461302502,1.0,2.0,0.46025825787073327,0.20203883504106449,0.02272251083540792,0.06426941771181782,0.8562470980296487
galaxyzoo,SP,0.7,0.018867924528301883,-0.03675339425354394,0.07448924331014772,0.5061393228457625,0.6636363636363637,0.9038461538461539,0.8445,"[1560, 440]",43.0,37.0,0.001104295253753625,1.0,2.0,0.09109558751942937,0.27995511072896034,0.7448832359618546,-0.45760634679725576,0.6397975218361145
galaxyzoo,SP,0.8,0.07936507936507942,0.008534953940651402,0.15019520478950732,0.02808210057052306,0.6787003610108303,0.8810214741729542,0.854,"[1723, 277]",35.0,13.0,0.018138960003852827,1.0,2.0,-0.05671105185743519,0.5338797383311545,0.9154043165534116,-1.1030961110621662,0.9896740073472958
galaxyzoo,SP,0.9,0.10476190476190472,0.009266777576992416,0.2002570319468172,0.03154276164637506,0.6283783783783784,0.8612311015118791,0.85,"[1852, 148]",49.0,35.0,0.12066748738288877,1.0,2.0,-0.09610972918236471,0.30304843860207165,0.7511350026652514,-0.690073754413523,0.4978542960487936
galaxyzoo,OVA,0.1,-0.08573040045121272,-0.11102468138536539,-0.06043611951705988,3.074782339170151e-11,0.7295019157088123,0.9424460431654677,0.7645,"[695, 1305]",695.0,437.0,-0.9840963419992477,1.0,2.0,-0.026292010434496582,0.09020535244480872,0.7706931025509555,-0.20309125243906379,0.15050723157007062
galaxyzoo,OVA,0.2,-0.07165304839723452,-0.09871122859929657,-0.04459486819517236,2.1006718107052936e-07,0.7203751065643649,0.9298669891172914,0.7835,"[827, 1173]",827.0,276.0,-0.9595081359148026,1.0,2.0,-0.263821456260796,0.09832640174515682,0.007293898813696537,-0.4565376624107197,-0.07110525011087232
galaxyzoo,OVA,0.3,-0.059558823529411775,-0.08940162985167449,-0.029716017207149,9.168632314067477e-05,0.7116141732283464,0.926829268292683,0.8,"[984, 1016]",984.0,185.0,-0.909427740611136,1.0,2.0,-0.04739504896202584,0.0965927779232888,0.6236608156300345,-0.23671341485834752,0.14192331693429583
galaxyzoo,OVA,0.4,-0.05711849957374249,-0.0896826098175934,-0.02455438932989168,0.0005863739792888929,0.6985981308411215,0.9178321678321678,0.807,"[1144, 856]",148.0,70.0,-0.7954970374703407,1.0,2.0,0.21270690656960267,0.16309224092428684,0.19216120741681075,-0.10694801179992902,0.5323618249391344
galaxyzoo,OVA,0.5,-0.0455958549222798,-0.08275282118694238,-0.008438888657617188,0.016168024305895146,0.6917510853835022,0.904507257448434,0.8185,"[1309, 691]",109.0,77.0,-0.5129337422549725,1.0,2.0,-0.1969209887387331,0.16402063591457747,0.22991157519112249,-0.5183955278526619,0.12455355037519567
galaxyzoo,OVA,0.6,-0.02506596306068598,-0.06812045094463376,0.017988524823261704,0.2538388580268707,0.6980802792321117,0.8920812894183602,0.831,"[1427, 573]",58.0,48.0,-0.1802866235375404,1.0,2.0,-0.3058552828240775,0.205700152099955,0.13704157527907324,-0.7090201725544005,0.09730960690624552
galaxyzoo,OVA,0.7,-0.013961605584642212,-0.0643077970027913,0.03638458583350683,0.5867707011871022,0.6984126984126984,0.8794098781270044,0.8365,"[1559, 441]",111.0,114.0,0.24357336759567255,1.0,2.0,0.14058703826790842,0.15765772633897326,0.37254136267785876,-0.16841642724095107,0.4495905037767679
galaxyzoo,OVA,0.8,0.007499999999999951,-0.0544359818826293,0.06943598188262931,0.8123949874774934,0.7003484320557491,0.8709865732632808,0.842,"[1713, 287]",66.0,44.0,0.6648338697850704,1.0,2.0,0.28311646652672384,0.18098969037843782,0.11775453282218988,-0.07161680818806981,0.6378497412415175
galaxyzoo,OVA,0.9,0.024271844660194164,-0.06687153771334965,0.11541522703373801,0.6017077952971696,0.6510067114093959,0.8568341437061048,0.843,"[1851, 149]",111.0,149.0,0.9341382076963781,1.0,2.0,0.07414298420694188,0.17109952543548654,0.6647732343870559,-0.2612059234185066,0.4094918918323904
galaxyzoo,ASM,0.1,-0.08793686583990978,-0.1129572422834431,-0.06291648939637652,5.638014172159077e-12,0.7628344179320318,0.880064829821718,0.7675,"[617, 1383]",64.0,66.0,-0.7679125797003508,1.0,2.0,-0.09599687148233005,0.21332556914284284,0.6527092056091804,-0.5141073039838111,0.322113561019151
galaxyzoo,ASM,0.2,-0.07605985037406482,-0.10230405592085796,-0.049815644827271785,1.3447047800993378e-08,0.7622673434856176,0.8753056234718827,0.7845,"[818, 1182]",159.0,145.0,-0.5317976400256157,1.0,2.0,0.037210228951388924,0.11154386877180697,0.7386868693852716,-0.18141173653761478,0.2558321944403926
galaxyzoo,ASM,0.3,-0.0689170182841069,-0.09654565415033635,-0.0412883824178774,1.0137795036247025e-06,0.7583572110792741,0.8730325288562435,0.7965,"[953, 1047]",129.0,228.0,-0.3528784662485122,1.0,2.0,-0.15910825107194038,0.11628987006859338,0.17124826842702523,-0.3870322081732258,0.06881570602934509
galaxyzoo,ASM,0.4,-0.06255283178360094,-0.09309979461139642,-0.032005868955805594,5.981618663684754e-05,0.753528773072747,0.8739573679332715,0.8085,"[1079, 921]",197.0,405.0,-0.24548191577196118,1.0,2.0,-0.13670747783711512,0.07691854266421938,0.07551856879206657,-0.2874650512022927,0.01405009552806244
galaxyzoo,ASM,0.5,-0.0598626104023553,-0.09306222957004943,-0.026662991234661065,0.0004092694777065598,0.7487244897959183,0.8758223684210527,0.815,"[1216, 784]",348.0,477.0,-0.16954054683446879,1.0,2.0,-0.00806327180603228,0.06390311238716123,0.8995897263518624,-0.1333110705848837,0.11718452697281914
galaxyzoo,ASM,0.6,-0.050602409638554224,-0.08797512922293634,-0.0132296900541721,0.007959617841973033,0.7367601246105919,0.8799705449189985,0.8245,"[1358, 642]",444.0,365.0,-0.10783506929874415,1.0,2.0,-0.008373888731009638,0.058415413653209326,0.8860132395288955,-0.12286599563330926,0.10611821817128998
galaxyzoo,ASM,0.7,-0.03576982892690517,-0.08044845160258374,0.008908793748773437,0.11661238851215222,0.7213822894168467,0.8867924528301887,0.834,"[1537, 463]",456.0,184.0,-0.03232419490814201,1.0,2.0,0.10627912091047542,0.08353090351490922,0.2032548459615371,-0.05743844157483685,0.2699966833957877
galaxyzoo,ASM,0.8,0.016990291262135915,-0.04387105758656186,0.07785164011083372,0.5842748717735513,0.6908517350157729,0.88116458704694,0.849,"[1683, 317]",339.0,100.0,0.112678937613964,1.0,2.0,0.10243496925022888,0.13886182056117083,0.4607116358808139,-0.16972919787732949,0.37459913637778725
galaxyzoo,ASM,0.9,0.07246376811594202,-0.01973897209434515,0.16466650832622926,0.12347008206008533,0.6802721088435374,0.8656233135456017,0.853,"[1853, 147]",59.0,64.0,0.5473489500582218,1.0,2.0,-0.20458947393076854,0.21582008950556525,0.34314825659586556,-0.6275890765018873,0.21841012864035025
xray-airspace,RS,0.1,0.05947441217150762,0.023211709837259946,0.09573711450575526,0.0013065623637295723,0.888468809073724,0.9166666666666666,0.8827667057444314,"[324, 529]",53.0,316.0,0.27802095562219614,1.0,2.0,0.23891939621320568,0.1947274206834669,0.21984411087076572,-0.14273933512876946,0.6205781275551808
xray-airspace,RS,0.2,0.07999999999999996,0.040518645402175875,0.11948135459782416,7.144490459483546e-05,0.9037656903765691,0.8986666666666666,0.8909730363423212,"[375, 478]",61.0,320.0,0.349076896905899,1.0,2.0,-0.0037416895200024225,0.11840292621704684,0.9747899855924436,-0.23580716056956758,0.22832378152956273
xray-airspace,RS,0.3,0.09074410163339386,0.04988518641892827,0.1316030168478594,1.3434245527257844e-05,0.9112149532710281,0.8870588235294118,0.8909730363423212,"[425, 428]",110.0,352.0,0.37305473908782005,1.0,2.0,-0.014765366192229346,0.08266211663370955,0.8582336296874711,-0.17678013768014939,0.1472494052956907
xray-airspace,RS,0.4,0.12343096234309625,0.08199020276584507,0.1648717219203474,5.291470828090363e-09,0.9166666666666666,0.8752475247524752,0.9015240328253223,"[505, 348]",171.0,291.0,0.39524446427822113,1.0,2.0,-0.04302976093726052,0.06956086457792224,0.5361854898216738,-0.1793665502434561,0.09330702836893506
xray-airspace,RS,0.5,0.13989637305699487,0.09423610067318716,0.18555664544080247,1.912823988379148e-09,0.9230769230769231,0.8606701940035273,0.895662368112544,"[567, 286]",217.0,245.0,0.41350526735186577,1.0,2.0,0.030465745180086046,0.06201002974683073,0.6232117987067106,-0.0910716798039596,0.15200317016413167
xray-airspace,RS,0.6,0.14851485148514854,0.09646692059363907,0.20056278237665806,2.2368181279119224e-08,0.9144144144144144,0.8557844690966719,0.8851113716295428,"[631, 222]",292.0,205.0,0.4298747181892395,1.0,2.0,-0.09172912611265538,0.06376953075834918,0.15030710556258947,-0.216715109710039,0.03325685748472822
xray-airspace,RS,0.7,0.14864864864864868,0.08843695862450748,0.20886033867278977,1.3069449114164009e-06,0.9433962264150944,0.8530259365994236,0.8710433763188745,"[694, 159]",343.0,152.0,0.45074882358312607,1.0,2.0,0.1198391029486332,0.07496458373977445,0.1099073761286588,-0.02708878129736167,0.2667669871946281
xray-airspace,RS,0.8,0.20915032679738566,0.13934451377842388,0.27895613981634737,4.295511757657403e-09,0.9516129032258065,0.8491083676268861,0.8698710433763188,"[729, 124]",285.0,109.0,0.4675115570425987,1.0,2.0,0.05267451759873554,0.06964714664135815,0.4494660725199343,-0.08383138144430624,0.18918041664177732
xray-airspace,RS,0.9,0.1785714285714286,0.09568173569081649,0.2614611214520407,2.417129752381493e-05,0.9818181818181818,0.8320802005012531,0.8499413833528722,"[798, 55]",198.0,46.0,0.49465313181281084,1.0,2.0,0.17652544150329974,0.07652307007990597,0.021064497521523833,0.026542980160249446,0.32650790284635
xray-airspace,CC,0.1,0.04641350210970463,0.010265713632725701,0.08256129058668354,0.011850007828488683,0.8515037593984962,0.9688473520249221,0.88042203985932,"[321, 532]",111.0,99.0,0.06721845269203183,1.0,2.0,0.06319564497024999,0.124414309837928,0.6114918116119308,-0.18065192147349624,0.3070432114139962
xray-airspace,CC,0.2,0.06299212598425197,0.024197464155817493,0.10178678781268646,0.001460317811585506,0.8483606557377049,0.9561643835616438,0.8886283704572099,"[365, 488]",150.0,129.0,0.0843329429626464,1.0,2.0,-0.002397807990912826,0.10641067017280796,0.982022365995628,-0.210958889100387,0.20616327311856134
xray-airspace,CC,0.3,0.07927927927927925,0.036165243466112475,0.12239331509244614,0.0003133137726548772,0.8445475638051044,0.9407582938388626,0.8933177022274326,"[422, 431]",155.0,130.0,0.10782761871814725,1.0,2.0,0.006509814926556334,0.11429405503990295,0.9545796685379986,-0.2175024165986921,0.23052204645180477
xray-airspace,CC,0.4,0.09221311475409832,0.045477789968354096,0.13894843953984265,0.00011009661823247461,0.8390501319261213,0.9345991561181435,0.8944900351699883,"[474, 379]",129.0,106.0,0.13287648558616635,1.0,2.0,-0.02418364296231812,0.0973331889548112,0.8037766169201455,-0.21495318781417985,0.16658590188954361
xray-airspace,CC,0.5,0.10361445783132539,0.052069214047990454,0.1551597016146601,8.153206478542326e-05,0.8370607028753994,0.9222222222222223,0.8921453692848769,"[540, 313]",174.0,126.0,0.1589728593826294,1.0,2.0,-0.17265947070890397,0.13913826612219035,0.2146352677449338,-0.44536546117974657,0.10004651976193862
xray-airspace,CC,0.6,0.12538226299694188,0.06590765287167676,0.18485687312220694,3.5973540453431204e-05,0.8571428571428571,0.9206896551724137,0.8898007033997656,"[580, 273]",171.0,164.0,0.1882385611534118,1.0,2.0,0.10057669937364766,0.14068242204251832,0.4746583803743234,-0.1751557810875521,0.3763091798348474
xray-airspace,CC,0.7,0.18315018315018305,0.11916795572986925,0.24713241057049706,2.018253263878081e-08,0.8805970149253731,0.9095092024539877,0.9003516998827668,"[652, 201]",120.0,106.0,0.22176387906074524,1.0,2.0,0.21555958608634906,0.10950361476555893,0.04900873020416742,0.0009364449689050758,0.430182727203793
xray-airspace,CC,0.8,0.27071823204419887,0.18942791165026318,0.35200855243813445,6.701161382347461e-11,0.8571428571428571,0.8944444444444445,0.8991793669402111,"[720, 133]",91.0,75.0,0.26126962900161743,1.0,2.0,-0.09917943627246917,0.12281599798696188,0.41935260080743664,-0.3398943690522582,0.1415354965073199
xray-airspace,CC,0.9,0.35238095238095235,0.23626583932407397,0.46849606543783084,2.7142027641776764e-09,0.8620689655172413,0.8825065274151436,0.8851113716295428,"[766, 87]",65.0,62.0,0.29252682626247406,1.0,2.0,-0.15941551212345706,0.2388378280710569,0.5044761716042192,-0.6275290532884981,0.308698029041584
xray-airspace,DT,0.1,0.19645120405576677,0.1567678402714234,0.23613456784011025,2.935141621275416e-22,0.9058441558441559,0.6666666666666666,0.8640093786635404,"[237, 616]",125.0,140.0,0.8556479975,1.0,2.0,0.13486530577336664,0.15289314343870597,0.3777288720406199,-0.16479974884961351,0.4345303603963468
xray-airspace,DT,0.2,0.1991643454038997,0.15857122531788176,0.23975746548991766,6.82528561843632e-22,0.912568306010929,0.6973684210526315,0.8499413833528722,"[304, 549]",123.0,120.0,0.8638274,1.0,2.0,-0.11589674827934027,0.12274465734859234,0.345062282134845,-0.3564718559772909,0.12467835941861041
xray-airspace,DT,0.3,0.20911949685534592,0.16689034764747684,0.251348646063215,2.8489874305562993e-22,0.9153225806451613,0.7002801120448179,0.8382180539273154,"[357, 496]",126.0,133.0,0.8724765800000001,1.0,2.0,-0.007700508690832608,0.07297472510226916,0.9159608555890855,-0.15072834167299118,0.13532732429132596
xray-airspace,DT,0.4,0.23861566484517305,0.19426880485700904,0.28296252483333695,5.305524782202956e-26,0.9223057644110275,0.6916299559471366,0.835873388042204,"[454, 399]",156.0,127.0,0.885089725,1.0,2.0,0.0789328487032559,0.08005637073856711,0.32414986447697425,-0.0779747546773219,0.2358404520838337
xray-airspace,DT,0.5,0.24242424242424243,0.19416429731391835,0.2906841875345665,7.168937454869063e-23,0.9278688524590164,0.6897810218978102,0.813599062133646,"[548, 305]",231.0,129.0,0.90097191,1.0,2.0,0.012152694449477641,0.09457047122523742,0.8977500441055105,-0.1732020231529692,0.19750741205192449
xray-airspace,DT,0.6,0.2544378698224853,0.19984306073882208,0.3090326789061484,6.579009476910391e-20,0.9534883720930233,0.6551724137931034,0.7831184056271981,"[638, 215]",101.0,65.0,0.9227283,1.0,2.0,0.016202447185721613,0.15696690666376373,0.9177867334544544,-0.2914470366399155,0.32385193101135873
xray-airspace,DT,0.7,0.19069767441860463,0.13485102018823714,0.24654432864897213,2.1920613061951717e-11,0.9645390070921985,0.6362359550561798,0.7303634232121923,"[712, 141]",33.0,40.0,0.94983731,1.0,2.0,0.0961699247748471,0.2124696406350476,0.6508158999779832,-0.3202629186780142,0.5126027682277083
xray-airspace,DT,0.8,0.032258064516129004,-0.006351759904072496,0.07086788893633057,0.1015203225855268,0.989010989010989,0.6509186351706037,0.6869871043376319,"[762, 91]",22.0,30.0,0.968070715,1.0,2.0,0.0264274369967874,0.01599308550510309,0.0984471442262881,-0.0049184345948842315,0.057773308588459034
xray-airspace,DT,0.9,0.032786885245901676,-0.0126462729291286,0.07822004342093189,0.15724154922764702,1.0,0.6674876847290641,0.6846424384525205,"[812, 41]",62.0,41.0,0.9827562575,1.0,2.0,0.022095929799559988,0.037553871226672496,0.5562775619429379,-0.051508305284773126,0.0957001648838931
xray-airspace,LCE,0.1,0.052558782849239316,0.016956437449615974,0.08816112824886257,0.003810446592619765,0.8698884758364313,0.9333333333333333,0.8827667057444314,"[315, 538]",139.0,316.0,0.027731887996196726,1.0,2.0,0.06191898614584612,0.06792602283547165,0.361997745138952,-0.0712135722247236,0.19505154451641585
xray-airspace,LCE,0.2,0.06750392464678179,0.029248895775590512,0.10575895351797307,0.0005431794233163401,0.8682008368200836,0.9173333333333333,0.8886283704572099,"[375, 478]",167.0,245.0,0.0310539007186889,1.0,2.0,0.022129344443673427,0.0627084160473865,0.7241688575599141,-0.10077689253675769,0.14503558142410455
xray-airspace,LCE,0.3,0.08453237410071945,0.04349633995261246,0.1255684082488264,5.4038315660858475e-05,0.8602941176470589,0.9123595505617977,0.8933177022274326,"[445, 408]",225.0,192.0,0.034150995314121226,1.0,2.0,0.007637928318488418,0.06010787695584544,0.8988847269496365,-0.1101713457021337,0.12544720233911055
xray-airspace,LCE,0.4,0.09205020920502083,0.047048453326854915,0.1370519650831869,6.0958888860379385e-05,0.8495821727019499,0.9089068825910931,0.8898007033997656,"[494, 359]",244.0,147.0,0.03651316463947295,1.0,2.0,-0.07268369803262131,0.07553598471677885,0.3359293789779808,-0.22073150761427582,0.07536411154903319
xray-airspace,LCE,0.5,0.10594315245478036,0.05350418813121518,0.15838211677834557,7.503081582317839e-05,0.8518518518518519,0.9092627599243857,0.8862837045720985,"[529, 324]",315.0,142.0,0.03860625624656675,1.0,2.0,0.06293646308397949,0.060848943307178174,0.3009928568446649,-0.0563252742954093,0.18219820046336827
xray-airspace,LCE,0.6,0.12048192771084343,0.06210917689868256,0.17885467852300413,5.223724787514102e-05,0.8320610687022901,0.9120135363790186,0.8851113716295428,"[591, 262]",352.0,91.0,0.0426751673221588,1.0,2.0,-0.029971053837000383,0.08243923897652602,0.7161916369605883,-0.19154899314388205,0.13160688546988128
xray-airspace,LCE,0.7,0.16030534351145043,0.09015447637112509,0.23045621065177577,7.505882908828607e-06,0.8238095238095238,0.9082426127527217,0.8874560375146542,"[643, 210]",365.0,65.0,0.050996772944927146,1.0,2.0,0.10585726901023196,0.09076550412913652,0.24350447689010357,-0.07203985012149719,0.2837543881419611
xray-airspace,LCE,0.8,0.203125,0.11908129667647037,0.2871687033235296,2.168712843143216e-06,0.8489208633093526,0.8893557422969187,0.8839390386869871,"[714, 139]",100.0,68.0,0.08033490180969236,1.0,2.0,0.28537755897685235,0.1373051307191719,0.03767080668697184,0.016264447874711263,0.5544906700789934
xray-airspace,LCE,0.9,0.31999999999999995,0.2084285330377763,0.4315714669622238,1.8940993163221355e-08,0.8461538461538461,0.8709677419354839,0.8757327080890973,"[775, 78]",62.0,56.0,0.1100739985704422,1.0,2.0,0.1883066876364916,0.17550628772582513,0.2833006675662382,-0.1556793153664498,0.532292690639433
xray-airspace,SP,0.1,0.03364737550471064,-0.0008091444787838228,0.06810389548820511,0.05562807370952095,0.8431372549019608,0.9554794520547946,0.876905041031653,"[292, 561]",98.0,78.0,0.09112143516540523,1.0,2.0,-0.01534521238902986,0.15174312490979278,0.9194502445369868,-0.3127562721137864,0.2820658473357267
xray-airspace,SP,0.2,0.03793626707132014,1.796778213510042e-05,0.07585456636050526,0.049891538322591016,0.8350515463917526,0.9538043478260869,0.876905041031653,"[368, 485]",98.0,75.0,0.1209648251533508,1.0,2.0,-0.0029538325655191766,0.07665164608503551,0.9692604877513666,-0.15318829824789942,0.14728063311686107
xray-airspace,SP,0.3,0.04295532646048106,0.00137497293912648,0.0845356799818357,0.04289039296988917,0.8249400479616307,0.9426605504587156,0.876905041031653,"[436, 417]",73.0,62.0,0.15415416657924652,1.0,2.0,0.20284266480660706,0.1364929319935845,0.13725166753647175,-0.06467856604509342,0.47036389565830755
xray-airspace,SP,0.4,0.06804123711340204,0.021032932090682112,0.11504954213612203,0.0045552318142242235,0.824,0.9393305439330544,0.8862837045720985,"[478, 375]",141.0,103.0,0.17747309803962705,1.0,2.0,0.04403206395645198,0.14700930241313415,0.7645441565203469,-0.24410087416564819,0.33216500207855215
xray-airspace,SP,0.5,0.08457711442786064,0.03078489063957529,0.13836933821614608,0.0020586583350938217,0.8415841584158416,0.9345454545454546,0.8874560375146542,"[550, 303]",119.0,80.0,0.21793851256370544,1.0,2.0,0.3365515983292897,0.14722883726654928,0.022259632834393594,0.047988379801144565,0.6251148168574349
xray-airspace,SP,0.6,0.13003095975232204,0.06960888513827271,0.1904530343663712,2.4655683510592337e-05,0.8340248962655602,0.9150326797385621,0.8968347010550997,"[612, 241]",70.0,71.0,0.2713768482208252,1.0,2.0,-0.12562471596576175,0.16373529442901735,0.44293720566575745,-0.4465399960446975,0.19529056411317403
xray-airspace,SP,0.7,0.15767634854771784,0.0883771639464982,0.2269755331489376,8.214968720130565e-06,0.8350515463917526,0.91350531107739,0.8921453692848769,"[659, 194]",85.0,69.0,0.3088570684194564,1.0,2.0,0.06396342798107701,0.1289413411316765,0.6198477771964794,-0.18875695675530202,0.31668381271745605
xray-airspace,SP,0.8,0.21764705882352942,0.13325874552382005,0.30203537212323867,4.3045830593344163e-07,0.8017241379310345,0.8941655359565808,0.8909730363423212,"[737, 116]",32.0,36.0,0.38839915394783014,1.0,2.0,-0.2566776493790188,0.23084433309284033,0.2661777297985046,-0.7091242282761536,0.19576892951811597
xray-airspace,SP,0.9,0.253012048192771,0.12724403373276352,0.37878006265277864,8.049208838200758e-05,0.75,0.8757921419518377,0.8722157092614302,"[789, 64]",23.0,23.0,0.43908134102821345,1.0,2.0,0.42084281965471293,0.2790741988196071,0.13155551029519105,-0.12613255904608744,0.9678181983555133
xray-airspace,OVA,0.1,0.05485232067510548,0.019623510929277714,0.09008113042093321,0.002275318797371785,0.874766355140187,0.9213836477987422,0.8839390386869871,"[318, 535]",62.0,247.0,0.1880107000470161,1.0,2.0,-0.18170766456001486,0.13719158637142906,0.1853433127054791,-0.45059823282993194,0.08718290370990223
xray-airspace,OVA,0.2,0.0717703349282297,0.0339688958373975,0.10957177401906186,0.0001982667618030307,0.8864097363083164,0.9194444444444444,0.8909730363423212,"[360, 493]",80.0,266.0,0.2387339770793914,1.0,2.0,0.10043598979292079,0.14801837916723973,0.4974310888877136,-0.1896747024248629,0.39054668201070447
xray-airspace,OVA,0.3,0.08152173913043481,0.04299131018997767,0.12005216807089189,3.370897742155677e-05,0.8985849056603774,0.8834498834498834,0.8909730363423212,"[429, 424]",119.0,275.0,0.2837136164307594,1.0,2.0,-0.056154142055393264,0.11293266978848876,0.6190229306233418,-0.2774981075187859,0.16518982340799934
xray-airspace,OVA,0.4,0.10750507099391482,0.06780763184456148,0.14720251014326807,1.1095629400867663e-07,0.9152046783625731,0.8825831702544031,0.9003516998827668,"[511, 342]",177.0,246.0,0.31689751148223877,1.0,2.0,-0.04157726230579306,0.0763051669491833,0.585835124573334,-0.1911326413605084,0.10797811674892227
xray-airspace,OVA,0.5,0.11499999999999999,0.07197695084612458,0.15802304915387555,1.6148759783448902e-07,0.9241379310344827,0.8774422735346359,0.8921453692848769,"[563, 290]",192.0,211.0,0.339073583483696,1.0,2.0,-0.05672480272865643,0.06356067620072213,0.37215113013904566,-0.18130143891508396,0.0678518334577711
xray-airspace,OVA,0.6,0.15873015873015872,0.11116707339529519,0.20629324406502236,6.114962950906739e-11,0.9218106995884774,0.8737704918032787,0.8968347010550997,"[610, 243]",212.0,190.0,0.3596782088279724,1.0,2.0,-0.16434440554402796,0.07982019884055089,0.03950070038786251,-0.3207891205103335,-0.00789969057772244
xray-airspace,OVA,0.7,0.1728395061728395,0.11746874159767517,0.22821027074800382,9.474773188620005e-10,0.9491525423728814,0.8520710059171598,0.8874560375146542,"[676, 177]",306.0,168.0,0.3855558857321739,1.0,2.0,0.05489248283902359,0.06416707350699999,0.39229552070305895,-0.07087267022803065,0.18065763590607783
xray-airspace,OVA,0.8,0.18055555555555547,0.11729128788320037,0.24381982322791057,2.222596027919873e-08,0.96875,0.8441215323645971,0.8686987104337632,"[757, 96]",180.0,75.0,0.4204299673438072,1.0,2.0,0.010172207550262158,0.06760899460649339,0.8804045280291232,-0.12233898690942765,0.14268340200995197
xray-airspace,OVA,0.9,0.19354838709677424,0.09359488011090178,0.2935018940826466,0.0001474987963465551,0.9607843137254902,0.8416458852867831,0.8522860492379836,"[802, 51]",131.0,44.0,0.45975603535771364,1.0,2.0,0.07508917241734814,0.09255013343706514,0.4171732542680183,-0.10630575588367575,0.256484100718372
xray-airspace,ASM,0.1,0.4162234042553192,0.3700717339802937,0.462375074530345,6.404525051820911e-70,0.8923933209647495,0.8949044585987261,0.8792497069167644,"[314, 539]",37.0,112.0,0.9999846225524607,1.0,2.0,-0.214663570979019,0.23749142763308137,0.36605943864873725,-0.6801382157768591,0.25081107381882106
xray-airspace,ASM,0.2,0.48214285714285715,0.4341656409103286,0.5301200733753858,2.3110846992914085e-86,0.9047619047619048,0.8439897698209718,0.8921453692848769,"[391, 462]",87.0,462.0,0.999996237786263,1.0,2.0,0.0005469112391172093,0.16432694475469362,0.9973444937537809,-0.32152798216958545,0.32262180464781987
xray-airspace,ASM,0.3,0.5846702317290553,0.534408893035797,0.6349315704223132,4.63947921067314e-115,0.9019607843137255,0.8089887640449438,0.8968347010550997,"[445, 408]",138.0,408.0,0.9999990715190137,1.0,2.0,0.0029264650671860792,0.20400909807936654,0.9885549162263764,-0.39692401968687185,0.402776949821244
xray-airspace,ASM,0.4,0.6731601731601732,0.6214995366344285,0.7248208096859179,7.243905327055909e-144,0.9109195402298851,0.7663366336633664,0.876905041031653,"[505, 348]",189.0,348.0,0.9999999572990124,1.0,2.0,-0.017806274286266355,0.22211965928291116,0.9361058410206129,-0.45315280673908015,0.41754025816654744
xray-airspace,ASM,0.5,0.7298701298701298,0.6768500159305234,0.7828902438097366,2.4906968259786287e-160,0.9244604316546763,0.7043478260869566,0.8417350527549824,"[575, 278]",277.0,278.0,0.9999999989721032,1.0,2.0,-0.05414882275411281,0.350988760382844,0.8773928371080253,-0.742074152082846,0.6337765065746204
xray-airspace,ASM,0.6,0.7999999999999999,0.7470020220965714,0.8529979779034291,2.2967390358702035e-192,0.9575471698113207,0.6489859594383776,0.7889800703399765,"[641, 212]",342.0,212.0,0.9999999999970858,1.0,2.0,0.0773268109352685,0.4088959053732781,0.8500056336523674,-0.7240944370222545,0.8787480588927915
xray-airspace,ASM,0.7,0.8584905660377358,0.8029471855789312,0.9140339464965406,1.3906803676019057e-201,0.9705882352941176,0.5899581589958159,0.7256740914419695,"[717, 136]",418.0,136.0,0.9999999999999988,1.0,2.0,0.28973686877573657,0.2684914591930031,0.2805303098257417,-0.23649672139915512,0.8159704589506283
xray-airspace,ASM,0.8,0.8869565217391304,0.8192025050475387,0.9547105384307222,3.481519576945178e-145,0.9739130434782609,0.5785907859078591,0.6318874560375146,,,,,,,,,,,
xray-airspace,ASM,0.9,0.8869565217391304,0.8192025050475387,0.9547105384307222,3.481519576945178e-145,0.9739130434782609,0.5785907859078591,0.6318874560375146,,,,,,,,,,,
hatespeech,RS,0.1,0.03829594380240198,0.025932736697662405,0.05065915090714162,1.2701119898506908e-09,0.8901164526724396,0.970130678282514,0.9118240516545602,"[1607, 3349]",985.0,681.0,-0.9125557020306588,1.0,2.0,-0.015912517411753813,0.030807559788686018,0.6054958833331061,-0.07629422504914281,0.04446919022563518
hatespeech,RS,0.2,0.04611837048424283,0.03245718928662482,0.059779551681860985,3.6759544736396344e-11,0.8859913072550987,0.9709923664122138,0.914043583535109,"[1965, 2991]",853.0,594.0,-0.8878740938380361,1.0,2.0,-0.017840683101010057,0.03980123899668428,0.6539768113459181,-0.09584967807458236,0.06016831187256225
hatespeech,RS,0.3,0.05445116681071738,0.03943569979975432,0.0694666338216804,1.1816977418492654e-12,0.8848048503220917,0.9663357790246008,0.9158595641646489,"[2317, 2639]",633.0,452.0,-0.8573891976848245,1.0,2.0,0.06526383375287526,0.04379124659853245,0.13613493627669124,-0.020565432418360494,0.15109309992411102
hatespeech,RS,0.4,0.06954195921096629,0.05263122586787898,0.08645269255405348,7.632306748086492e-16,0.8780596350689809,0.9664082687338501,0.9196933010492333,"[2709, 2247]",529.0,382.0,-0.8147164136171341,1.0,2.0,-0.0006655639421631054,0.0438768122881998,0.9878974154794034,-0.08666253578345919,0.08533140789913297
hatespeech,RS,0.5,0.09109069117059532,0.07188271604403265,0.1102986662971579,1.4746972959776083e-20,0.8707592891760905,0.9632139399806389,0.923728813559322,"[3099, 1857]",1028.0,542.0,-0.7566111795604229,1.0,2.0,-0.011245598902780873,0.043844946390895145,0.7975758714064628,-0.09718011473302478,0.07468891692746303
hatespeech,RS,0.6,0.1238761238761239,0.10096189304529465,0.1467903547069531,3.1193602490659237e-26,0.8671140939597315,0.9564339296018465,0.9277643260694108,"[3466, 1490]",652.0,433.0,-0.6787300892174244,1.0,2.0,0.10125564459891456,0.04363215991500518,0.020304908561671442,0.015738182597812178,0.18677310660001695
hatespeech,RS,0.7,0.17225201072386065,0.1445303487916612,0.1999736726560601,4.04749167419095e-34,0.8471337579617835,0.945294270158154,0.9295803066989508,"[3857, 1099]",690.0,482.0,-0.5702798180282116,1.0,2.0,-0.12999947116857236,0.05081429719657415,0.01051778368704207,-0.2295936635735723,-0.030405278763572394
hatespeech,RS,0.8,0.23171987641606584,0.19496622630219343,0.26847352652993833,4.468502517876905e-35,0.8530612244897959,0.9324804548685146,0.9231234866828087,"[4221, 735]",541.0,437.0,-0.44484807737171644,1.0,2.0,0.07028885102597604,0.057469302393973735,0.22130410391047495,-0.04234891188285399,0.18292661393480608
hatespeech,RS,0.9,0.29540918163672647,0.24248587989116155,0.3483324833822916,7.403870339619829e-28,0.8328981723237598,0.9079378963481304,0.9075867635189669,"[4573, 383]",251.0,213.0,-0.29857856035232544,1.0,2.0,-0.15981148567395276,0.09093517073538658,0.07884587608615516,-0.3380411452433112,0.01841817389540565
hatespeech,CC,0.1,0.037045403207589866,0.025016039329360584,0.04907476708581901,1.5811017071144088e-09,0.9115853658536586,0.9200477326968973,0.9079903147699758,"[1676, 3280]",959.0,1536.0,-0.0559474229812622,1.0,2.0,-0.02072123337256948,0.021751292950488554,0.3407706003733786,-0.06335298417270702,0.021910517427568055
hatespeech,CC,0.2,0.04726432057539165,0.034255530158977386,0.060273110991806024,1.07100809361999e-12,0.9064773120886733,0.9299178347027549,0.9120258272800645,"[2069, 2887]",1457.0,1531.0,-0.04541876912117,1.0,2.0,-0.016107333487382025,0.01825198881080102,0.37750786096113986,-0.051880574202780076,0.019665907228016026
hatespeech,CC,0.3,0.05784399649430316,0.04378470258475895,0.07190329040384753,7.392361369693887e-16,0.9036285602809208,0.9323025491015462,0.9148506860371267,"[2393, 2563]",1635.0,1252.0,-0.03685504198074335,1.0,2.0,0.02078200439010658,0.02056936506996745,0.3123335389131833,-0.019533210331885834,0.06109721911209899
hatespeech,CC,0.4,0.07100796674748866,0.05487322750296948,0.08714270599200795,6.3714326222808784e-18,0.8972602739726028,0.9374548083875632,0.9162631154156577,"[2766, 2190]",1841.0,945.0,-0.027324348688125548,1.0,2.0,0.02009617699743038,0.018912422657795556,0.287967304861772,-0.016971490272248195,0.05716384426710896
hatespeech,CC,0.5,0.0879705400981996,0.06970949233778195,0.10623158785861733,3.660602662021531e-21,0.8855721393034826,0.9408960915157293,0.9182808716707022,"[3147, 1809]",2291.0,726.0,-0.015486806631088201,1.0,2.0,-0.019668454156488435,0.023605136013673117,0.4047163000164118,-0.06593367059345712,0.026596762280480253
hatespeech,CC,0.6,0.11676180591593155,0.09449609879156118,0.13902751304030184,8.84635899766088e-25,0.876750700280112,0.9390589569160998,0.9202986279257466,"[3528, 1428]",1510.0,375.0,0.0083190500736236,1.0,2.0,0.06635605250238541,0.040568291352533904,0.1019101405076823,-0.013156337462908757,0.14586844246767958
hatespeech,CC,0.7,0.1603641456582633,0.13254380155023035,0.18818448976629623,1.3458684571824768e-29,0.8680430879712747,0.9333680374804789,0.9211057304277643,"[3842, 1114]",1947.0,443.0,0.05137419700622555,1.0,2.0,-0.0433506522913083,0.057485913772187654,0.45078369695720133,-0.15602097290317118,0.06931966832055458
hatespeech,CC,0.8,0.2122687439143135,0.17747588608069337,0.24706160174793385,5.9249344485103084e-33,0.8691099476439791,0.9224713740458015,0.9188861985472155,"[4192, 764]",318.0,249.0,0.1290657520294189,1.0,2.0,0.03984081924723637,0.05424349966216554,0.46265564293750916,-0.06647448648601867,0.1461561249804914
hatespeech,CC,0.9,0.317907444668008,0.2661180468986071,0.3696968424374093,2.436774607355029e-33,0.8792650918635171,0.9025136612021858,0.9067796610169492,"[4575, 381]",192.0,168.0,0.2486564964056015,1.0,2.0,-0.26736521600428365,0.09765086003821877,0.006181954026015177,-0.45875738473855404,-0.07597304727001325
hatespeech,DT,0.1,0.08921023359288094,0.0761902895865644,0.10223017759919753,4.07195941616053e-41,0.9344066785927251,0.704119850187266,0.8926553672316384,"[1602, 3354]",396.0,596.0,0.878511795,1.0,2.0,-0.05065491490742513,0.04524929325401018,0.26294261690956555,-0.1393419000111763,0.03803207019632604
hatespeech,DT,0.2,0.07797123391370175,0.06459713141305172,0.09134533641435182,3.078541570659171e-30,0.9381583418280666,0.7188276204669647,0.87409200968523,"[2013, 2943]",698.0,1110.0,0.8971160275000001,1.0,2.0,-0.014796637469514984,0.034264049039228875,0.6658566332992373,-0.08195293955091781,0.052359664611887846
hatespeech,DT,0.3,0.07362668967500718,0.05998706218267599,0.08726631716733838,3.6942009928540024e-26,0.9417249417249417,0.7325776658270361,0.8633979015334947,"[2382, 2574]",513.0,676.0,0.9112615075,1.0,2.0,0.046451289031414156,0.040906156798524634,0.25614184647635574,-0.03372330503964241,0.12662588310247072
hatespeech,DT,0.4,0.062478777589134116,0.048254424186267436,0.0767031309920008,7.375962983139534e-18,0.9461467038068709,0.7483940042826552,0.8488700564971752,"[2802, 2154]",617.0,723.0,0.924127615,1.0,2.0,-0.015395325033771057,0.037257424769955444,0.6794491334614507,-0.08841853573959424,0.057627885672052126
hatespeech,DT,0.5,0.052457662123089666,0.03742883379020137,0.0674864904559779,7.85358768112877e-12,0.9541899441340782,0.7634238787113077,0.8373688458434221,"[3166, 1790]",556.0,653.0,0.934500245,1.0,2.0,0.013583886451860927,0.043869321828583996,0.7568314469082968,-0.07239840435836054,0.09956617726208239
hatespeech,DT,0.6,0.05491631799163177,0.03853093919682932,0.07130169678643432,5.068642613476648e-11,0.9561281337047354,0.7741477272727273,0.8329297820823245,"[3520, 1436]",611.0,667.0,0.9439984699999999,1.0,2.0,-0.009645384475706287,0.02649037215841343,0.7157765724698966,-0.061565559843259184,0.04227479089184661
hatespeech,DT,0.7,0.05219206680584554,0.03402916359543445,0.07035497001625655,1.7806910561682972e-08,0.9579439252336449,0.7846114256304684,0.8268765133171913,"[3886, 1070]",673.0,633.0,0.95260915,1.0,2.0,-0.02044330633985325,0.03493332538714346,0.5584070030510488,-0.08891136595887317,0.048024753279166665
hatespeech,DT,0.8,0.048603929679420954,0.026684187252813615,0.07052367210602817,1.386785660840026e-05,0.9647887323943662,0.7951012717852096,0.821226795803067,"[4246, 710]",570.0,470.0,0.961806,1.0,2.0,0.014651076672765218,0.031870776111610086,0.6457297474131485,-0.04781449666533006,0.07711665001086049
hatespeech,DT,0.9,0.03440860215053765,0.005931585736821787,0.06288561856425348,0.017874275236139988,0.9689265536723164,0.8024771838331161,0.8149717514124294,"[4602, 354]",296.0,203.0,0.9721193,1.0,2.0,-0.04117251402335764,0.04970959222667577,0.4075227334547402,-0.13860152447381438,0.056256496427099095
hatespeech,LCE,0.1,0.04160143144710349,0.029228614161847626,0.053974248732359474,4.397208963062246e-11,0.9029961435775734,0.9381703470031546,0.9085956416464891,"[1585, 3371]",1132.0,1523.0,-0.112918846309185,1.0,2.0,0.00453023522413587,0.030424858320784842,0.8816332202052464,-0.05510139131933621,0.06416186176760795
hatespeech,LCE,0.2,0.04679989881102953,0.03332393154376749,0.060275866078291704,9.99015044178802e-12,0.902317880794702,0.9416322314049587,0.9083938660209847,"[1936, 3020]",1234.0,1416.0,-0.08209770172834392,1.0,2.0,0.0003602274140477313,0.0278316111681899,0.9896731861637369,-0.05418872810732721,0.05490918293542267
hatespeech,LCE,0.3,0.06042208730847065,0.045616227521434245,0.07522794709550702,1.2591325628094247e-15,0.900375939849624,0.9429442508710801,0.9132364810330912,"[2296, 2660]",1595.0,1646.0,-0.05060749500989907,1.0,2.0,0.028523308192028418,0.02301996997471553,0.21532031589307876,-0.016595003883607434,0.07364162026766427
hatespeech,LCE,0.4,0.07643944407677039,0.0601895805896767,0.092689307563864,2.979854382464735e-20,0.8976825535636205,0.9385537654552267,0.9176755447941889,"[2669, 2287]",1410.0,1243.0,-0.02134704589843745,1.0,2.0,0.051993039305451294,0.023209963933446962,0.025083315500971145,0.0065023459134216435,0.09748373269748095
hatespeech,LCE,0.5,0.09423459244532806,0.07570871480189659,0.11276047008875939,2.069690751566064e-23,0.8890649762282092,0.930786810316683,0.9188861985472155,"[3063, 1893]",1477.0,1139.0,0.0148037523031234,1.0,2.0,-0.021017677585659866,0.02933826302287475,0.47374974021124194,-0.0785196164794576,0.03648426130813786
hatespeech,LCE,0.6,0.11149312377210208,0.0900932451889194,0.13289300235528492,1.7632051731497634e-24,0.8841826604897419,0.9239477503628447,0.9168684422921711,"[3445, 1511]",892.0,717.0,0.05266563594341275,1.0,2.0,-0.06939287437642427,0.03636874510979888,0.05638656553197151,-0.1406743049545473,0.0018885562016987406
hatespeech,LCE,0.7,0.1342592592592593,0.10826011420389356,0.16025840431462504,4.4479286397489385e-24,0.8902877697841727,0.9146722164412071,0.9120258272800645,"[3844, 1112]",1076.0,656.0,0.0948081165552139,1.0,2.0,0.031107007819940913,0.03985439588603425,0.4350870044539479,-0.04700617274228751,0.10922018838216933
hatespeech,LCE,0.8,0.1846938775510204,0.15110009518054335,0.2182876599214975,4.488189794396854e-27,0.8836206896551724,0.9030516431924883,0.9075867635189669,"[4260, 696]",1077.0,519.0,0.1518402323126793,1.0,2.0,-0.038836784257216816,0.04158988968036845,0.3504052673787993,-0.12035147015173303,0.0426779016372994
hatespeech,LCE,0.9,0.22157996146435455,0.1740919651646312,0.26906795776407777,5.950199856997094e-20,0.8894009216589862,0.8914197257850509,0.8942695722356739,"[4522, 434]",541.0,307.0,0.2075487300753593,1.0,2.0,-0.015310955693752515,0.05429093664177829,0.7779306358445313,-0.12171923619858391,0.09109732481107888
hatespeech,SP,0.1,0.03604415408875872,0.02359801243978466,0.04849029573773276,1.3781969844972221e-08,0.8900302114803625,0.9775212636695019,0.910411622276029,"[1646, 3310]",1646.0,812.0,0.020232528448104824,1.0,2.0,-0.022797885513430316,0.03400872637676871,0.5026321557110742,-0.08945376437197435,0.04385799334511371
hatespeech,SP,0.2,0.046983311938382566,0.0331038131130266,0.060862810763738506,3.2527621945513465e-11,0.8858307849133538,0.9786388474913065,0.9150524616626311,"[2013, 2943]",1229.0,555.0,0.028473213315010022,1.0,2.0,-0.015349674932598978,0.03371103205549565,0.6488711914038525,-0.08142208364304572,0.050722733777847764
hatespeech,SP,0.3,0.058394160583941535,0.043009798029602864,0.07377852313828034,1.0114239408367566e-13,0.8790951638065523,0.9753344481605352,0.9184826472962067,"[2392, 2564]",555.0,381.0,0.041112944483757005,1.0,2.0,0.05380522545093114,0.03868727083123636,0.1642941653281823,-0.02202043203843909,0.12963088294030137
hatespeech,SP,0.4,0.0764266304347827,0.059062633945603266,0.0937906269239619,6.316486556539477e-18,0.872562358276644,0.9705561613958561,0.9235270379338176,"[2751, 2205]",364.0,247.0,0.0573648810386657,1.0,2.0,0.11396500149879052,0.05726952153378263,0.04659352526901814,0.0017188018807354766,0.22621120111684556
hatespeech,SP,0.5,0.09584013050570961,0.07576124515864599,0.11591901585277323,8.339391620743542e-21,0.8589055793991416,0.9647477360931436,0.9255447941888619,"[3092, 1864]",191.0,143.0,0.08236771821975705,1.0,2.0,0.15176085496035885,0.0877357068606641,0.08367491856548988,-0.02019797064470652,0.3237196805654242
hatespeech,SP,0.6,0.11719939117199396,0.09348957972695719,0.14090920261703055,3.382742485329615e-22,0.858,0.9594907407407407,0.9247376916868443,"[3456, 1500]",374.0,289.0,0.1265340447425842,1.0,2.0,0.15678825184941525,0.07681927429820087,0.041250680876099274,0.006225240906438112,0.3073512627923924
hatespeech,SP,0.7,0.1654485049833887,0.1368439530077864,0.1940530569589909,8.661932581427699e-30,0.8503100088573959,0.9440815259994774,0.9283696529459241,"[3827, 1129]",414.0,305.0,0.1943119466304779,1.0,2.0,0.024402468756732576,0.06940232726533041,0.7251316673936395,-0.11162359312657724,0.1604285306400424
hatespeech,SP,0.8,0.20117762512266935,0.16415566171776433,0.23819958852757425,1.735075927095786e-26,0.8448717948717949,0.9291187739463601,0.9194915254237288,"[4176, 780]",324.0,280.0,0.2844214290380478,1.0,2.0,-0.06038932127519381,0.07283345952741474,0.407023741788475,-0.20314027881838237,0.08236163626799475
hatespeech,SP,0.9,0.2549019607843137,0.19978797719192595,0.3100159443767014,1.2480346650231391e-19,0.8364611260053619,0.9057385991708488,0.9043583535108959,"[4583, 373]",197.0,173.0,0.4060910940170288,1.0,2.0,0.016750336840992253,0.10486039923139896,0.8730863658098464,-0.18877226905704128,0.2222729427390258
hatespeech,OVA,0.1,0.03818888634804485,0.025744062094591888,0.05063371060149774,1.8049232279261407e-09,0.9047048246928379,0.9499691167387276,0.9110169491525424,"[1619, 3337]",438.0,405.0,-0.5721844248473644,1.0,2.0,-0.008719914791374794,0.051689770714748624,0.866034894290015,-0.11003000376141531,0.09259017417866572
hatespeech,OVA,0.2,0.044336237826755553,0.030823594023139562,0.05784888163037145,1.2691433716742717e-10,0.9014512318596017,0.9533366783743101,0.912227602905569,"[1993, 2963]",522.0,492.0,-0.44960304349660873,1.0,2.0,-0.0256367108765565,0.03936765775118182,0.5149093215098713,-0.10279590222457197,0.051522480471458965
hatespeech,OVA,0.3,0.05902777777777779,0.04436640198464285,0.0736891535709127,2.998726325849079e-15,0.8955807587016035,0.9520633597332222,0.9184826472962067,"[2399, 2557]",548.0,438.0,-0.31538163125514984,1.0,2.0,-0.06744407086745796,0.03953203564391531,0.08799669173629238,-0.14492543696508564,0.010037295230169732
hatespeech,OVA,0.4,0.07523616734143046,0.05884238209126801,0.09162995259159298,2.3648421525035283e-19,0.8894449499545041,0.948150833937636,0.922316384180791,"[2758, 2198]",515.0,429.0,-0.16589447855949396,1.0,2.0,-0.02383302158824452,0.03925715626184539,0.5437845160074323,-0.10077563399692253,0.0531095908204335
hatespeech,OVA,0.5,0.09390444810543663,0.07481801345268396,0.11299088275818919,5.265801466454335e-22,0.8837209302325582,0.9452848406823302,0.9233252623083131,"[3107, 1849]",805.0,739.0,0.0020263791084289,1.0,2.0,-0.021701666670878694,0.04317756616864321,0.6152354004747724,-0.10632814130151448,0.06292480795975709
hatespeech,OVA,0.6,0.11298568507157469,0.09065739977463577,0.1353139703685135,3.4828611917480066e-23,0.8806584362139918,0.9331046312178388,0.9219128329297821,"[3498, 1458]",655.0,677.0,0.18387676775455475,1.0,2.0,0.05194464317640435,0.03991944058446121,0.19317742922076608,-0.02629602265212619,0.13018530900493488
hatespeech,OVA,0.7,0.13757700205338808,0.11054932450934744,0.16460467959742883,1.9284788432075374e-23,0.8704566635601119,0.921452485191862,0.9178773204196933,"[3883, 1073]",311.0,333.0,0.3692059144377708,1.0,2.0,0.03285755980309979,0.07179016573216594,0.6471759856482151,-0.10784857947610701,0.1735636990823066
hatespeech,OVA,0.8,0.1652892561983471,0.1304443073596029,0.20013420503709142,1.4417216813121717e-20,0.8684931506849315,0.9126833885470894,0.9096045197740112,"[4226, 730]",278.0,282.0,0.5245212875306606,1.0,2.0,0.06540638275455946,0.07666861175487948,0.39360103029171367,-0.08486133502968854,0.21567410053880745
hatespeech,OVA,0.9,0.21255060728744946,0.16247049898539154,0.2626307155895071,8.908118548648969e-17,0.8867924528301887,0.8948745910577972,0.8985068603712671,"[4585, 371]",242.0,191.0,0.6775457337498665,1.0,2.0,-0.1367097302394904,0.0783084117965903,0.08084814181719155,-0.2901913970473389,0.016771936568358098
hatespeech,ASM,0.1,0.07793087869889315,0.06446919381255434,0.09139256358523201,7.727584069114257e-30,0.8967800180559735,0.9534598897734231,0.9110169491525424,"[1633, 3323]",418.0,356.0,-0.34895206242799753,1.0,2.0,0.047553557816648384,0.04859578234787205,0.3278007980345248,-0.04769242538572814,0.14279954101902492
hatespeech,ASM,0.2,0.09187817258883246,0.07722922060463601,0.10652712457302903,9.890959173509706e-35,0.8942048517520216,0.9557344064386318,0.9144471347861178,"[1988, 2968]",1004.0,855.0,-0.20161549746990198,1.0,2.0,0.018637517135879245,0.034136699572030235,0.5850885069864418,-0.048269184576363894,0.08554421884812238
hatespeech,ASM,0.3,0.10667443893908479,0.09042206779838288,0.12292681007978676,7.133419212989153e-38,0.8900422914263745,0.9524416135881104,0.9152542372881356,"[2355, 2601]",959.0,820.0,-0.05592766404151912,1.0,2.0,-0.002089924154731415,0.03576155335070433,0.9533977311309096,-0.07218128075331959,0.06800143244385676
hatespeech,ASM,0.4,0.12933647692825867,0.11134428386879788,0.14732866998771946,4.428146284413383e-45,0.8839085611833258,0.9526605504587156,0.9188861985472155,"[2725, 2231]",502.0,493.0,0.11419692635536191,1.0,2.0,-0.035239265530397246,0.040335182490545254,0.38230303538093147,-0.11429477052171655,0.04381623946092206
hatespeech,ASM,0.5,0.15891629599676504,0.13823259103865979,0.17960000095487053,3.025678261716628e-51,0.8772222222222222,0.9489860583016476,0.9207021791767555,"[3156, 1800]",389.0,349.0,0.3094470202922821,1.0,2.0,0.013512219966202554,0.03985848223102434,0.7346060542843802,-0.06460896968503485,0.09163340961743996
hatespeech,ASM,0.6,0.2022357723577236,0.17775720339942505,0.2267143413160221,5.675477033445441e-59,0.8705137227304715,0.9425742574257425,0.9217110573042776,"[3535, 1421]",207.0,187.0,0.5016991719603539,1.0,2.0,-0.14516971133193057,0.07753990134896052,0.061179816563853254,-0.29714512534068194,0.006805702676820791
hatespeech,ASM,0.7,0.28078817733990147,0.2502671700149715,0.31130918466483143,1.1057547151943639e-72,0.8641509433962264,0.9258213552361396,0.9219128329297821,"[3896, 1060]",272.0,366.0,0.6842313967645168,1.0,2.0,0.03947405880203814,0.07312326703922026,0.5893149780869641,-0.1038449110267384,0.18279302863081467
hatespeech,ASM,0.8,0.3591101694915254,0.3202672512631198,0.3979530877199315,2.2063072940845083e-73,0.8705357142857143,0.900093370681606,0.9098062953995157,"[4284, 672]",293.0,373.0,0.8258742745965719,1.0,2.0,0.061039187443862275,0.07960157050017942,0.4431951833837753,-0.09497702384931542,0.21705539873703997
hatespeech,ASM,0.9,0.4684684684684685,0.41382193051290583,0.5231150064240311,2.3521090473381907e-63,0.8757396449704142,0.8757037678648766,0.8833736884584342,"[4618, 338]",349.0,338.0,0.9144536973908544,1.0,2.0,-0.039703097633482676,0.0691729496630428,0.5659890834777472,-0.17527958767744864,0.09587339241048329
synth,RS,0.1,0.1296379079123826,0.11083808852765518,0.1484377272971101,1.2699715482645182e-41,0.830237957051654,0.8815958815958816,0.8148,"[1554, 3446]",498.0,443.0,-0.23912204056978226,1.0,2.0,0.05551877478528677,0.07722659526869055,0.47219794499702905,-0.09584257058999804,0.20688012016057158
synth,RS,0.2,0.16617063492063489,0.1463803188740855,0.18596095096718426,7.476082504221831e-61,0.8420195439739414,0.8704663212435233,0.8328,"[1930, 3070]",716.0,579.0,-0.09299714118242258,1.0,2.0,-0.10968941556148448,0.06446811059990555,0.08885808613892256,-0.23604459048864426,0.016665759365675298
synth,RS,0.3,0.20196353436185133,0.18084588928689513,0.22308117943680758,2.143831634095929e-78,0.8618763961280714,0.8595505617977528,0.8428,"[2314, 2686]",719.0,762.0,0.08404950052499766,1.0,2.0,-0.01863961882566012,0.062081657317580266,0.763991368223269,-0.14031743126867494,0.1030381936173547
synth,RS,0.4,0.2511400651465798,0.22860283298439818,0.2736772973087612,9.560345003121576e-106,0.8748408994484514,0.8490351872871736,0.853,"[2643, 2357]",458.0,539.0,0.22770839929580688,1.0,2.0,-0.10090035352274107,0.06036475872708872,0.094620803186199,-0.21921310656328488,0.01741239951780274
synth,RS,0.5,0.31880108991825606,0.29483650423341345,0.3427656756030991,7.301160632650802e-150,0.8884910485933504,0.8164203612479475,0.8626,"[3045, 1955]",449.0,528.0,0.3845949098467827,1.0,2.0,-0.059056105057521346,0.06265570314098791,0.3459113530527024,-0.1818590266398908,0.0637468165248481
synth,RS,0.6,0.36307837582625124,0.33745815597017725,0.38869859568232534,8.51969575723723e-170,0.8980612883051907,0.7885915907086151,0.8526,"[3401, 1599]",369.0,477.0,0.5094854384660721,1.0,2.0,0.005029708050299897,0.048994401813418735,0.9182337484907162,-0.09099755494808473,0.10105697104868452
synth,RS,0.7,0.3902439024390244,0.36141469758513994,0.4190731072929093,4.269695947284636e-155,0.8957771787960467,0.7504502186776434,0.8236,"[3887, 1113]",359.0,386.0,0.6386198364198208,1.0,2.0,0.05310499939873847,0.04381678263517522,0.22552060285805398,-0.03277431648462499,0.13898431528210192
synth,RS,0.8,0.3751263902932256,0.3383421461930446,0.41191063439340614,7.040172058433238e-89,0.8944444444444445,0.7282710280373832,0.773,"[4280, 720]",266.0,255.0,0.726763878017664,1.0,2.0,0.15094334007736743,0.0573578636180225,0.008498216921876293,0.038523993155883035,0.2633626869988518
synth,RS,0.9,0.38923395445134573,0.33577713694876665,0.4426907719539247,3.315828214472856e-46,0.8900255754475703,0.7149056194402257,0.7364,"[4609, 391]",323.0,267.0,0.8078895825892687,1.0,2.0,-0.07102558398580561,0.07572877927313602,0.3482987764583444,-0.21945126395433553,0.07740009598272432
synth,CC,0.1,0.16365260102701495,0.14489299900916675,0.18241220304486322,1.5337048588163251e-65,0.8197962154294032,0.8594249201277955,0.8158,"[1565, 3435]",956.0,1158.0,0.06097380816936485,1.0,2.0,-0.0040097071881473045,0.050243135869439966,0.9363914970397775,-0.10248444396260217,0.09446502958630756
synth,CC,0.2,0.19095600884738262,0.1712868233096904,0.21062519438507474,9.983821634663629e-81,0.8261725155788783,0.8370066632496156,0.8246,"[1951, 3049]",955.0,1218.0,0.10843926668167107,1.0,2.0,-0.04393845852299316,0.05211382219859831,0.3991586221281014,-0.14607967312896983,0.0582027560829835
synth,CC,0.3,0.22885431400282885,0.20778047702408622,0.24992815098157142,1.580026846549793e-100,0.8378378378378378,0.8213969938107869,0.831,"[2262, 2738]",782.0,1049.0,0.14417974650859827,1.0,2.0,0.07063247763212344,0.055083544390265554,0.19974475746004305,-0.03732928551361038,0.17859424077785724
synth,CC,0.4,0.26393442622950825,0.24143995050484515,0.28642890195417114,5.012763946613214e-117,0.8472340425531915,0.7954716981132075,0.8302,"[2650, 2350]",729.0,900.0,0.18072661757469172,1.0,2.0,0.012276289705691612,0.05133475151619877,0.8109955573131769,-0.08833797442137091,0.11289055383275413
synth,CC,0.5,0.30522701259061424,0.28136088564057893,0.32909313954064967,1.161567709865401e-138,0.8517766497461929,0.7719471947194719,0.8292,"[3030, 1970]",586.0,629.0,0.21368812024593348,1.0,2.0,-0.07658120438543703,0.055080555706685755,0.16442287645281983,-0.18453710981899324,0.031374701048119194
synth,CC,0.6,0.33508353221957043,0.3087628658874248,0.36140419855171585,2.034379088273803e-137,0.8600252206809584,0.7495606326889279,0.8096,"[3414, 1586]",509.0,570.0,0.24705304205417628,1.0,2.0,0.018736340885069147,0.057180880263064365,0.7431627511630552,-0.09333612503483422,0.13080880680497253
synth,CC,0.7,0.36420919974795213,0.33446058224129416,0.3939578172546103,3.088568243006958e-127,0.8679727427597955,0.7216414009409304,0.7848,"[3826, 1174]",424.0,403.0,0.2788322418928146,1.0,2.0,0.0029518515754536345,0.06287950799900582,0.962557404105183,-0.12028971946819603,0.1261934226191033
synth,CC,0.8,0.37799043062200954,0.3420894443988342,0.4138914168451851,1.308050892434878e-94,0.889873417721519,0.7038004750593824,0.7482,"[4210, 790]",365.0,320.0,0.3103788644075393,1.0,2.0,0.02418364861228639,0.0673412710818676,0.719504750072347,-0.10780281738132275,0.15617011460589553
synth,CC,0.9,0.4207547169811321,0.37061041331811484,0.47089902064414935,8.986285149995068e-61,0.8883374689826302,0.6874048292364585,0.7138,"[4597, 403]",233.0,205.0,0.3492894619703293,1.0,2.0,-0.061759116068192954,0.07418230168087098,0.4051089054188364,-0.2071537556529852,0.08363552351659928
synth,DT,0.1,0.1369984482376413,0.11826935870674085,0.15572753776854178,1.291778053877965e-46,0.8295621510431972,0.815278647463995,0.8084,"[1597, 3403]",669.0,814.0,0.716107985,1.0,2.0,-0.05280073146990505,0.05522245226548883,0.33899843505476124,-0.16103474904824547,0.05543328610843537
synth,DT,0.2,0.16431576342489485,0.14455625720020604,0.18407526964958382,1.0092099668261346e-59,0.8408338848444739,0.8033367037411526,0.8176,"[1978, 3022]",1016.0,1266.0,0.7435957449999999,1.0,2.0,0.024078126553946255,0.04788489077582468,0.6150813484294712,-0.06977453477030436,0.11793078787819687
synth,DT,0.3,0.19756924816280375,0.1766226350222716,0.21851586130333606,2.6544363639968774e-76,0.8476968796433878,0.7941941074523396,0.8246,"[2308, 2692]",785.0,950.0,0.768026235,1.0,2.0,0.0018449584614270709,0.04942062272044554,0.9702204882067352,-0.0950176821641881,0.09870759908704224
synth,DT,0.4,0.23362011912640634,0.21111704935258277,0.2561231889002298,4.8599900918211285e-92,0.855072463768116,0.7799547852298417,0.826,"[2654, 2346]",839.0,1016.0,0.789991375,1.0,2.0,0.04642483549066645,0.04875343402200117,0.3409766782021266,-0.0491301393151056,0.1419798102964385
synth,DT,0.5,0.25991528686946475,0.23573712154108373,0.28409345219784576,1.5115973545033048e-98,0.8604302151075538,0.7657447517494168,0.8198,"[3001, 1999]",628.0,766.0,0.812135625,1.0,2.0,-0.021269821663755017,0.05666643065478193,0.7073991758161856,-0.13233398487956405,0.08979434155205403
synth,DT,0.6,0.2913533834586467,0.26500903082549,0.3176977360918032,3.450913966952218e-104,0.8664987405541562,0.7502930832356389,0.8088,"[3412, 1588]",568.0,661.0,0.83467752,1.0,2.0,0.004263653588644445,0.05756900907345362,0.9409613608641018,-0.10856953082098424,0.11709683799827313
synth,DT,0.7,0.3232893910860013,0.29332183060064876,0.3532569515713536,3.1303626548114963e-99,0.8701517706576728,0.7302045097011012,0.7878,"[3814, 1186]",721.0,679.0,0.854689915,1.0,2.0,-0.0785285990639204,0.04699251338583177,0.09470440714412742,-0.17063223284316706,0.013575034715326256
synth,DT,0.8,0.33964049195837276,0.30265620939053645,0.37662477452620885,1.9807513114461018e-72,0.878140703517588,0.7147954329210275,0.7566,"[4204, 796]",551.0,455.0,0.8749351625,1.0,2.0,-0.05473615492742101,0.0607134030476603,0.3672960807799771,-0.17373223827969955,0.06425992842485753
synth,DT,0.9,0.37577002053388087,0.32162852022351723,0.42991152084424483,3.834780189684115e-42,0.8917378917378918,0.698214669821467,0.7214,"[4649, 351]",257.0,186.0,0.9028055774999999,1.0,2.0,-0.1835515114812556,0.06144460712392374,0.0028148280504504287,-0.30398072848835933,-0.06312229447415184
synth,LCE,0.1,0.15365853658536588,0.13503058706451782,0.17228648610621394,8.566027713029513e-59,0.8152484294688749,0.8337783711615487,0.8124,"[1498, 3502]",637.0,885.0,0.018203765153884853,1.0,2.0,0.03569741726646147,0.05703942390805087,0.5314214540964177,-0.07609779929223114,0.1474926338251541
synth,LCE,0.2,0.17792625587725808,0.15828516468567824,0.19756734706883824,1.5745926385875218e-70,0.8203074951953876,0.8194888178913738,0.8176,"[1878, 3122]",622.0,979.0,0.056178949773311525,1.0,2.0,0.012834254150852598,0.05647271577465934,0.820217929332441,-0.0978502348766467,0.12351874317835189
synth,LCE,0.3,0.2026017160254635,0.18182761529509456,0.2233758167558328,1.9027288749450023e-81,0.8247879011434894,0.799475753604194,0.8202,"[2289, 2711]",794.0,1233.0,0.08607494831085197,1.0,2.0,-5.927915855519217e-06,0.04652008745896252,0.9998983279528391,-0.09118362389307551,0.09117176806136447
synth,LCE,0.4,0.23414477898782837,0.21192556132141288,0.25636399665424375,8.989489863940679e-95,0.8324140857021638,0.7801740446462353,0.82,"[2643, 2357]",555.0,693.0,0.10813330858945845,1.0,2.0,0.08541644440563645,0.05593620889175367,0.12675277220586975,-0.02421651045390988,0.19504939926518278
synth,LCE,0.5,0.2603527607361963,0.23603527512893274,0.28467024634345994,9.152381388322878e-98,0.8379466532460996,0.7593760371722535,0.8096,"[3013, 1987]",416.0,495.0,0.1296920329332351,1.0,2.0,0.09623797504937759,0.063924116169167,0.1321947001143812,-0.02905099038574427,0.22152694048449945
synth,LCE,0.6,0.28931116389548694,0.2625253353352846,0.3160969924556892,1.8293692587233357e-99,0.8546475358702433,0.7427141595525464,0.7956,"[3397, 1603]",625.0,734.0,0.14844234287738797,1.0,2.0,0.038015202831368944,0.05898148182695742,0.5192332572720301,-0.07758637730427131,0.1536167829670092
synth,LCE,0.7,0.3268870867124143,0.29695105305791736,0.3568231203669112,1.283723865957721e-101,0.8671152228763667,0.7229073733928103,0.7786,"[3811, 1189]",611.0,573.0,0.1672531142830848,1.0,2.0,-0.09032503511544188,0.05429788152753068,0.09621051525256495,-0.1967469273462247,0.01609685711534095
synth,LCE,0.8,0.3570093457943926,0.3209120360835986,0.39310665550518614,1.0447346130434833e-83,0.8768211920529801,0.7024734982332156,0.7502,"[4245, 755]",570.0,410.0,0.18773572146892545,1.0,2.0,-0.006370529074473552,0.0517622729571914,0.9020494314941565,-0.1078227198285003,0.09508166167955319
synth,LCE,0.9,0.358148893360161,0.3050966876129621,0.4112010991073602,5.774296760858097e-40,0.8737864077669902,0.689843068875327,0.7094,"[4588, 412]",217.0,204.0,0.20968509465456003,1.0,2.0,-0.14540232590717972,0.10144799613978772,0.1517808144183168,-0.34423674464492204,0.05343209283056263
synth,SP,0.1,0.1584747630592903,0.13982436631137818,0.17712515980720234,2.8275148953500914e-62,0.8154981549815498,0.8280297901150981,0.8086,"[1477, 3523]",618.0,645.0,0.26149819791316986,1.0,2.0,0.08337794439469359,0.06504997516589783,0.19992961067863912,-0.0441176641256911,0.21087355291507828
synth,SP,0.2,0.17930029154518945,0.15973335492786633,0.19886722816251262,4.008327972487037e-72,0.8147328485614923,0.8083832335329342,0.8124,"[1837, 3163]",603.0,759.0,0.2977460771799087,1.0,2.0,-0.07254871757777415,0.05167715381063557,0.16035346302921694,-0.17383407787015667,0.02873664271460838
synth,SP,0.3,0.2081509846827133,0.1874337394648677,0.22886822990055894,2.5145357329331266e-86,0.816304347826087,0.7830357142857143,0.817,"[2240, 2760]",600.0,767.0,0.33230747282505035,1.0,2.0,0.03510737067380765,0.05551022361495895,0.5270936974204767,-0.0736906683852767,0.143905409732892
synth,SP,0.4,0.23332279481504903,0.2111307318163988,0.2555148578136989,2.3918195236172327e-94,0.8158467566390945,0.758046614872364,0.8124,"[2703, 2297]",607.0,676.0,0.36527734994888306,1.0,2.0,0.013247751001327801,0.056303537973684155,0.8139823941596469,-0.09710515562927644,0.12360065763193204
synth,SP,0.5,0.24788624135280546,0.22347898567617958,0.27229349702943156,3.6182073227281763e-88,0.8173777315296566,0.7378167641325536,0.7938,"[3078, 1922]",365.0,398.0,0.39027106761932373,1.0,2.0,0.05898613528287999,0.07457654055725846,0.42897457374850556,-0.08718119830093723,0.20515346886669722
synth,SP,0.6,0.2642237222757956,0.23719569161956805,0.29125175293202293,7.919977555450096e-82,0.8241042345276873,0.7183261183261184,0.7744,"[3465, 1535]",524.0,550.0,0.41327817738056183,1.0,2.0,0.0420054090375479,0.06084369347025637,0.4899538046255659,-0.07724603885054944,0.16125685692564523
synth,SP,0.7,0.28059895833333337,0.2494254720677806,0.3117724445988859,1.1715672934701148e-69,0.8207547169811321,0.704225352112676,0.751,"[3834, 1166]",340.0,342.0,0.43492309749126434,1.0,2.0,0.03517854483249305,0.0723452648473546,0.6267834594066184,-0.10661556872033356,0.17697265838531967
synth,SP,0.8,0.2930542340627973,0.25508584444470234,0.33102262368089247,1.0629088921524049e-51,0.808433734939759,0.6966426858513189,0.7264,"[4170, 830]",393.0,388.0,0.45424023270606995,1.0,2.0,-0.07179588219459987,0.0680591281979261,0.2914689932757121,-0.20518932228172945,0.061597557892529714
synth,SP,0.9,0.3075601374570447,0.2548711971635264,0.36024907775056275,2.612824261504039e-30,0.7973856209150327,0.6831094472583131,0.7006,"[4541, 459]",314.0,345.0,0.47583669424057007,1.0,2.0,-0.16206375578487187,0.0881270921123042,0.06591846840526629,-0.33478968238723195,0.010662170817488242
synth,OVA,0.1,0.1538120567375887,0.13516835413519065,0.17245575933998655,8.228292541597092e-59,0.8222679200940071,0.8609022556390977,0.8134,"[1596, 3404]",454.0,536.0,0.06127495318651198,1.0,2.0,0.03269762279420774,0.0657425308701086,0.6189360908993422,-0.09615536996371782,0.1615506155521333
synth,OVA,0.2,0.1883276115743011,0.1688274402481959,0.20782778290040632,6.601818742989115e-80,0.8328464784160987,0.8410630536737884,0.8282,"[1919, 3081]",762.0,1103.0,0.1669254601001739,1.0,2.0,0.01699322769949352,0.058105596284074114,0.7699393463340621,-0.09689164831751614,0.13087810371650316
synth,OVA,0.3,0.2226890756302521,0.2018645424021585,0.24351360885834566,1.5513166805179473e-97,0.846780162842339,0.8163620539599652,0.8336,"[2298, 2702]",842.0,1172.0,0.26135058701038355,1.0,2.0,-0.01648627231619626,0.048591966333271154,0.7343989631146236,-0.11172477626739055,0.07875223163499803
synth,OVA,0.4,0.2619279454722493,0.23968633763813632,0.28416955330636234,7.10553086374306e-118,0.8591253153910849,0.8009153318077803,0.836,"[2622, 2378]",780.0,986.0,0.3401831425726414,1.0,2.0,0.020553728363880586,0.056018561441814024,0.7136867114548004,-0.08924063452781907,0.13034809125558022
synth,OVA,0.5,0.30169100691775563,0.27785984560365273,0.32552216823185853,6.620876618363924e-136,0.8667334669338678,0.7796271637816246,0.8316,"[3004, 1996]",562.0,694.0,0.423081923276186,1.0,2.0,-0.17257494150652075,0.052800425279625994,0.0010814268614593445,-0.27606187342298594,-0.0690880095900556
synth,OVA,0.6,0.34745762711864414,0.3217803087021566,0.3731349455351311,5.45750460137364e-155,0.8838669177652229,0.754622835339008,0.8222,"[3407, 1593]",609.0,680.0,0.4965023919939994,1.0,2.0,0.04091810752706948,0.05284194600085521,0.4387244400773399,-0.06265020350761707,0.14448641856175604
synth,OVA,0.7,0.38095238095238093,0.35212407640840504,0.4097806854963566,6.660544683832306e-148,0.893542757417103,0.7262584327970939,0.7962,"[3854, 1146]",294.0,316.0,0.5771853663027287,1.0,2.0,0.13157989447708807,0.059456793177766185,0.026895313684127935,0.015046721212419553,0.24811306774175657
synth,OVA,0.8,0.3860696517412936,0.35048870953442907,0.42165059394815757,2.318851347697106e-100,0.8887468030690537,0.7057847321005216,0.7522,"[4218, 782]",402.0,412.0,0.6360115949064493,1.0,2.0,-0.13576888416574628,0.05762161767618497,0.01846225940543126,-0.24870517954200538,-0.022832588789487185
synth,OVA,0.9,0.3846153846153846,0.3365583085083035,0.4326724607224659,1.8801414534483648e-55,0.8919597989949749,0.6888309430682312,0.7156,"[4602, 398]",321.0,243.0,0.6946229729801416,1.0,2.0,-0.2020425194793345,0.06900670837078748,0.0034129512588821622,-0.33729318257773666,-0.06679185638093235
synth,ASM,0.1,0.1271637816245007,0.10837961232423639,0.14594795092476492,3.528977629701885e-40,0.8285465622280244,0.8976175144880876,0.8166,"[1553, 3447]",1553.0,260.0,-0.8571847676794278,1.0,2.0,-0.21240642167891566,0.08976007703047735,0.017963012376986158,-0.38833293990819223,-0.036479903449639084
synth,ASM,0.2,0.15928765767994058,0.13941612888238558,0.17915918647749568,1.2751294187519044e-55,0.8455786736020806,0.8908523908523909,0.8308,"[1924, 3076]",257.0,154.0,-0.6334520883392543,1.0,2.0,-0.1454249285402458,0.1191786249398128,0.22237898505532616,-0.37901074114928596,0.08816088406879435
synth,ASM,0.3,0.20499158721256316,0.18389014147837185,0.22609303294675426,7.919723296157421e-81,0.8669859985261607,0.873578302712161,0.8482,"[2286, 2714]",279.0,218.0,-0.07743450999259943,1.0,2.0,0.05024718358298652,0.1249968744332902,0.6876932108230895,-0.19474218848633776,0.2952365556523108
synth,ASM,0.4,0.261703511053316,0.23929206178137047,0.28411496032526135,6.26915173084021e-116,0.8749487494874949,0.8609918000780945,0.863,"[2561, 2439]",80.0,142.0,0.5047728754580021,1.0,2.0,0.08473859820452212,0.11474706709398948,0.4602218417024354,-0.14016152063129841,0.3096387170403426
synth,ASM,0.5,0.32006067500948043,0.29662015663746627,0.3435011933814948,9.032463528461175e-158,0.8938547486033519,0.8314087759815243,0.8708,"[3031, 1969]",263.0,1969.0,0.9092556089162827,1.0,2.0,0.11629979782247357,0.08809535292226706,0.1867822225054292,-0.056363921110515275,0.2889635167554624
synth,ASM,0.6,0.3750594954783436,0.34945781227819855,0.400661178678489,2.619938173099197e-181,0.895618556701031,0.7966937354988399,0.8596,"[3448, 1552]",623.0,1552.0,0.9874341352842749,1.0,2.0,0.010869898597704708,0.05915174376543009,0.854199427154744,-0.10506538880527995,0.12680518600068935
synth,ASM,0.7,0.4039948453608248,0.37469236484170443,0.43329732587994463,8.123140523412605e-161,0.8934646374216652,0.7633273242338399,0.8274,"[3883, 1117]",999.0,1117.0,0.9983536643121624,1.0,2.0,0.07901994970544057,0.05329264327121937,0.13813943399479342,-0.025431711747090233,0.1834716111579714
synth,ASM,0.8,0.4092276830491474,0.3725691183235268,0.44588624777476815,4.0717341105593626e-106,0.8981132075471698,0.7457788347205707,0.7836,"[4205, 795]",1349.0,795.0,0.9997963274654467,1.0,2.0,0.2471803999755644,0.07086949865042913,0.00048696692907075487,0.10827873501831334,0.3860820649328155
synth,ASM,0.9,0.4173076923076924,0.36629881081882254,0.4683165737965622,7.32297939968396e-58,0.8897849462365591,0.7225583405358686,0.7454,"[4628, 372]",1810.0,372.0,0.9999907831911514,1.0,2.0,0.4002639534995919,0.0735063953631746,5.171980967903906e-08,0.25619406595440763,0.5443338410447761
